c,theta,network,optimal_tau
0.02,0.0,G1,0.0389076830466812
0.02,0.0,G2,0.4115596715648924
0.02,0.0,G3,0.215792930430756
0.02,0.1,G1,0.0330934128532087
0.02,0.1,G2,0.32357688182553634
0.02,0.1,G3,0.18266746068773881
0.02,0.2,G1,0.028188134935477657
0.02,0.2,G2,0.25608819418959755
0.02,0.2,G3,0.1548968540042908
0.02,0.30000000000000004,G1,0.02405368590252266
0.02,0.30000000000000004,G2,0.2044107533496373
0.02,0.30000000000000004,G3,0.13163407451421816
0.02,0.4,G1,0.020584231678142047
0.02,0.4,G2,0.16494938292419573
0.02,0.4,G3,0.1121705770501666
0.02,0.5,G1,0.01767776098923083
0.02,0.5,G2,0.13491355582059808
0.02,0.5,G3,0.09590993782618598
0.02,0.6000000000000001,G1,0.015255729324970699
0.02,0.6000000000000001,G2,0.11208629210558195
0.02,0.6000000000000001,G3,0.08235662244743236
0.02,0.7000000000000001,G1,0.013242100574621269
0.02,0.7000000000000001,G2,0.09467861477914633
0.02,0.7000000000000001,G3,0.07108412192454241
0.02,0.8,G1,0.01157144337902464
0.02,0.8,G2,0.08126468645324209
0.02,0.8,G3,0.06172092895871963
0.02,0.9,G1,0.010189582965471034
0.02,0.9,G2,0.0707683544414935
0.02,0.9,G3,0.05394242941012385
0.02,1.0,G1,0.009038016656876572
0.02,1.0,G2,0.062411842196137206
0.02,1.0,G3,0.04746630897124047
0.02,1.1,G1,0.00807678293331437
0.02,1.1,G2,0.055647494063449036
0.02,1.1,G3,0.042067807971908316
0.02,1.2000000000000002,G1,0.007267102614698506
0.02,1.2000000000000002,G2,0.05009799627594091
0.02,1.2000000000000002,G3,0.03755540219257911
0.02,1.3,G1,0.00658337204109601
0.02,1.3,G2,0.04548538871064324
0.02,1.3,G3,0.03377237664164295
0.02,1.4000000000000001,G1,0.005997017346377949
0.02,1.4000000000000001,G2,0.041608449826769096
0.02,1.4000000000000001,G3,0.030579193457718656
0.02,1.5,G1,0.005492860565945216
0.02,1.5,G2,0.03832171793038504
0.02,1.5,G3,0.02787278545147441
0.02,1.6,G1,0.005058656701283124
0.02,1.6,G2,0.035510360646841765
0.02,1.6,G3,0.025557636833425698
0.02,1.7000000000000002,G1,0.004682144281550655
0.02,1.7000000000000002,G2,0.03308691681791385
0.02,1.7000000000000002,G3,0.023566991668140788
0.02,1.8,G1,0.004351759003401354
0.02,1.8,G2,0.030981736483294355
0.02,1.8,G3,0.021842603445004553
0.02,1.9000000000000001,G1,0.0040606518764297215
0.02,1.9000000000000001,G2,0.029142862716107512
0.02,1.9000000000000001,G3,0.020343163331760266
0.02,2.0,G1,0.003804678713079804
0.02,2.0,G2,0.027528796111863284
0.02,2.0,G3,0.019025564682745966
0.04,0.0,G1,0.03967028143213676
0.04,0.0,G2,0.41962976432917676
0.04,0.0,G3,0.2200257085277062
0.04,0.1,G1,0.03386168709092857
0.04,0.1,G2,0.3317297598325362
0.04,0.1,G3,0.18692579902204506
0.04,0.2,G1,0.028973077514880517
0.04,0.2,G2,0.2645088267873541
0.04,0.2,G3,0.1592434646842333
0.04,0.30000000000000004,G1,0.0248752592873386
0.04,0.30000000000000004,G2,0.21330906315215137
0.04,0.30000000000000004,G3,0.13613855502844693
0.04,0.4,G1,0.02145031109294285
0.04,0.4,G2,0.17450745040783777
0.04,0.4,G3,0.11690151672403389
0.04,0.5,G1,0.01860454097288567
0.04,0.5,G2,0.14521772563840385
0.04,0.5,G3,0.10093597960359604
0.04,0.6000000000000001,G1,0.016252043503310467
0.04,0.6000000000000001,G2,0.1230871249255796
0.04,0.6000000000000001,G3,0.08772342600206509
0.04,0.7000000000000001,G1,0.014310381355224762
0.04,0.7000000000000001,G2,0.10622053372876253
0.04,0.7000000000000001,G3,0.07681495180577523
0.04,0.8,G1,0.012707374406827312
0.04,0.8,G2,0.09317000888477904
0.04,0.8,G3,0.06780601110045685
0.04,0.9,G1,0.01137946900286317
0.04,0.9,G2,0.08288946652628777
0.04,0.9,G3,0.060352637823922806
0.04,1.0,G1,0.010271510656404238
0.04,1.0,G2,0.07463989974129116
0.04,1.0,G3,0.054158338541266414
0.04,1.1,G1,0.00934180962164243
0.04,1.1,G2,0.06791548982939617
0.04,1.1,G3,0.048979848461254645
0.04,1.2000000000000002,G1,0.008552315522774596
0.04,1.2000000000000002,G2,0.062354441036746096
0.04,1.2000000000000002,G3,0.04462480913389602
0.04,1.3,G1,0.007878247011118694
0.04,1.3,G2,0.05769419687285802
0.04,1.3,G3,0.04093823960809258
0.04,1.4000000000000001,G1,0.007297339366142598
0.04,1.4000000000000001,G2,0.05374936251747987
0.04,1.4000000000000001,G3,0.03779618175481871
0.04,1.5,G1,0.006794410037177333
0.04,1.5,G2,0.050375134674701574
0.04,1.5,G3,0.03510199565231399
0.04,1.6,G1,0.006358443238622567
0.04,1.6,G2,0.04746659695616375
0.04,1.6,G3,0.032773212826486195
0.04,1.7000000000000002,G1,0.005974921571126871
0.04,1.7000000000000002,G2,0.04493868988705169
0.04,1.7000000000000002,G3,0.03074974302919869
0.04,1.8,G1,0.005636977322134098
0.04,1.8,G2,0.0427243511868444
0.04,1.8,G3,0.028981582203939343
0.04,1.9000000000000001,G1,0.005336721880957973
0.04,1.9000000000000001,G2,0.04077696114181306
0.04,1.9000000000000001,G3,0.02742711902713964
0.04,2.0,G1,0.005071094536010498
0.04,2.0,G2,0.03905230858343353
0.04,2.0,G3,0.02605008193956263
0.06,0.0,G1,0.040433090942520754
0.06,0.0,G2,0.4276967514095894
0.06,0.0,G3,0.2242572417026415
0.06,0.1,G1,0.03462978290502644
0.06,0.1,G2,0.3398771401772301
0.06,0.1,G3,0.19118339511486654
0.06,0.2,G1,0.029757573059281048
0.06,0.2,G2,0.27290325365783635
0.06,0.2,G3,0.16358269417515675
0.06,0.30000000000000004,G1,0.025687398559402167
0.06,0.30000000000000004,G2,0.22211030017133218
0.06,0.30000000000000004,G3,0.1406195822399834
0.06,0.4,G1,0.02230375032720065
0.06,0.4,G2,0.1838203224087662
0.06,0.4,G3,0.12157485634878044
0.06,0.5,G1,0.019506354393505614
0.06,0.5,G2,0.15503995265994144
0.06,0.5,G3,0.10584563429115292
0.06,0.6000000000000001,G1,0.017203048516591962
0.06,0.6000000000000001,G2,0.13332377874203064
0.06,0.6000000000000001,G3,0.09288838270311596
0.06,0.7000000000000001,G1,0.015310382603138759
0.06,0.7000000000000001,G2,0.11673879175651976
0.06,0.7000000000000001,G3,0.08222727651273198
0.06,0.8,G1,0.01374493198650793
0.06,0.8,G2,0.10385585304016724
0.06,0.8,G3,0.07344167415526287
0.06,0.9,G1,0.012446349023577725
0.06,0.9,G2,0.09365366926342998
0.06,0.9,G3,0.06617487046665205
0.06,1.0,G1,0.01135970140745931
0.06,1.0,G2,0.08542960093643079
0.06,1.0,G3,0.0601251418640485
0.06,1.1,G1,0.010444400122891283
0.06,1.1,G2,0.07869505623625167
0.06,1.1,G3,0.055055350837453595
0.06,1.2000000000000002,G1,0.009663415006873703
0.06,1.2000000000000002,G2,0.0730974462677364
0.06,1.2000000000000002,G3,0.050772081448650794
0.06,1.3,G1,0.008995896581967186
0.06,1.3,G2,0.06838775506782796
0.06,1.3,G3,0.04713016388918447
0.06,1.4000000000000001,G1,0.008418238125570238
0.06,1.4000000000000001,G2,0.06438106069662035
0.06,1.4000000000000001,G3,0.04400865512255761
0.06,1.5,G1,0.00791408429313181
0.06,1.5,G2,0.06093991870774761
0.06,1.5,G3,0.041314172636633124
0.06,1.6,G1,0.007475523164228845
0.06,1.6,G2,0.05796089999736353
0.06,1.6,G3,0.03897173066151084
0.06,1.7000000000000002,G1,0.007086928802241975
0.06,1.7000000000000002,G2,0.055361553472883664
0.06,1.7000000000000002,G3,0.0369254267919355
0.06,1.8,G1,0.006745584690126848
0.06,1.8,G2,0.05307910342050714
0.06,1.8,G3,0.0351269535317165
0.06,1.9000000000000001,G1,0.006440449034623652
0.06,1.9000000000000001,G2,0.05105853701396777
0.06,1.9000000000000001,G3,0.033537539434161906
0.06,2.0,G1,0.00616708441936758
0.06,2.0,G2,0.049265791019849556
0.06,2.0,G3,0.032127118249307175
0.08,0.0,G1,0.04119546598807368
0.08,0.0,G2,0.43576686058069103
0.08,0.0,G3,0.22848842419220655
0.08,0.1,G1,0.035397482011649536
0.08,0.1,G2,0.34801879207866415
0.08,0.1,G3,0.19543866122415232
0.08,0.2,G1,0.030541991136946358
0.08,0.2,G2,0.2812718645187233
0.08,0.2,G3,0.16791830812005754
0.08,0.30000000000000004,G1,0.026495772442620334
0.08,0.30000000000000004,G2,0.23083326757908454
0.08,0.30000000000000004,G3,0.14507931973492177
0.08,0.4,G1,0.023147342329642908
0.08,0.4,G2,0.19295327372294535
0.08,0.4,G3,0.12620683545608616
0.08,0.5,G1,0.02039029396280033
0.08,0.5,G2,0.16454717571564184
0.08,0.5,G3,0.11067160918544769
0.08,0.6000000000000001,G1,0.018123524603105203
0.08,0.6000000000000001,G2,0.14310709281523404
0.08,0.6000000000000001,G3,0.09791251389241616
0.08,0.7000000000000001,G1,0.01626123751156671
0.08,0.7000000000000001,G2,0.12669635503666712
0.08,0.7000000000000001,G3,0.08743687483497593
0.08,0.8,G1,0.01472433784886625
0.08,0.8,G2,0.11390223877663135
0.08,0.8,G3,0.07880821230172275
0.08,0.9,G1,0.013447401613265152
0.08,0.9,G2,0.10373546682430296
0.08,0.9,G3,0.07166314066944017
0.08,1.0,G1,0.012373741092726204
0.08,1.0,G2,0.09550928662066774
0.08,1.0,G3,0.06570466495704493
0.08,1.1,G1,0.011466081811080664
0.08,1.1,G2,0.08874901461383457
0.08,1.1,G3,0.06069864631178078
0.08,1.2000000000000002,G1,0.01069223359749617
0.08,1.2000000000000002,G2,0.08311353456057795
0.08,1.2000000000000002,G3,0.05645797216495724
0.08,1.3,G1,0.010025700112944005
0.08,1.3,G2,0.07835721079881866
0.08,1.3,G3,0.05283662136615866
0.08,1.4000000000000001,G1,0.009450060076119154
0.08,1.4000000000000001,G2,0.07429812052040417
0.08,1.4000000000000001,G3,0.049724437124758526
0.08,1.5,G1,0.008945021585312905
0.08,1.5,G2,0.0708039016381094
0.08,1.5,G3,0.04702466353535626
0.08,1.6,G1,0.00850404422052067
0.08,1.6,G2,0.06777188125524128
0.08,1.6,G3,0.04467531144753934
0.08,1.7000000000000002,G1,0.008111338464039882
0.08,1.7000000000000002,G2,0.06511882972369577
0.08,1.7000000000000002,G3,0.042613002186852954
0.08,1.8,G1,0.007765468423017619
0.08,1.8,G2,0.06278252106356799
0.08,1.8,G3,0.04079375746121894
0.08,1.9000000000000001,G1,0.0074571240165729625
0.08,1.9000000000000001,G2,0.060711743529285815
0.08,1.9000000000000001,G3,0.039185247302218604
0.08,2.0,G1,0.0071803016390605936
0.08,2.0,G2,0.05886861026234604
0.08,2.0,G3,0.0377505229374698
0.1,0.0,G1,0.04195952659190789
0.1,0.0,G2,0.4438372438046619
0.1,0.0,G3,0.23271960325699248
0.1,0.1,G1,0.03616504925679158
0.1,0.1,G2,0.35616006395445315
0.1,0.1,G3,0.1996947994139936
0.1,0.2,G1,0.03132376031255179
0.1,0.2,G2,0.28961953786928263
0.1,0.2,G3,0.17224366051847856
0.1,0.30000000000000004,G1,0.027303598111142215
0.1,0.30000000000000004,G2,0.239488971129049
0.1,0.30000000000000004,G3,0.14952154161667092
0.1,0.4,G1,0.023981420326679867
0.1,0.4,G2,0.2019452090666457
0.1,0.4,G3,0.13079958354094268
0.1,0.5,G1,0.0212569936684114
0.1,0.5,G2,0.1738255180608227
0.1,0.5,G3,0.11542810614704592
0.1,0.6000000000000001,G1,0.0190212975429436
0.1,0.6000000000000001,G2,0.1525851634165297
0.1,0.6000000000000001,G3,0.10283301096720772
0.1,0.7000000000000001,G1,0.017185196359960134
0.1,0.7000000000000001,G2,0.13628968041290793
0.1,0.7000000000000001,G3,0.09249784882730236
0.1,0.8,G1,0.015669313592933328
0.1,0.8,G2,0.12354859938692422
0.1,0.8,G3,0.08398647725301703
0.1,0.9,G1,0.014403658412947726
0.1,0.9,G2,0.11339485787862781
0.1,0.9,G3,0.07693157854317416
0.1,1.0,G1,0.013341774781192039
0.1,1.0,G2,0.10515692478309717
0.1,1.0,G3,0.07103874609528615
0.1,1.1,G1,0.012439179557775567
0.1,1.1,G2,0.0983669055414099
0.1,1.1,G3,0.06607635165466352
0.1,1.2000000000000002,G1,0.011667786456467388
0.1,1.2000000000000002,G2,0.09269471525024496
0.1,1.2000000000000002,G3,0.061860321708193375
0.1,1.3,G1,0.011003394254806537
0.1,1.3,G2,0.08789751446981628
0.1,1.3,G3,0.058253634110783936
0.1,1.4000000000000001,G1,0.010426930794027692
0.1,1.4000000000000001,G2,0.08379606913742729
0.1,1.4000000000000001,G3,0.055143999584498886
0.1,1.5,G1,0.009920878894562179
0.1,1.5,G2,0.08025995723800243
0.1,1.5,G3,0.05244462223560802
0.1,1.6,G1,0.009477061994746858
0.1,1.6,G2,0.07718299249712794
0.1,1.6,G3,0.05008335752504711
0.1,1.7000000000000002,G1,0.009084694555763755
0.1,1.7000000000000002,G2,0.07448491311819827
0.1,1.7000000000000002,G3,0.0480099581603589
0.1,1.8,G1,0.008737128268465906
0.1,1.8,G2,0.07210685760503326
0.1,1.8,G3,0.046179084332895984
0.1,1.9000000000000001,G1,0.008422527455298152
0.1,1.9000000000000001,G2,0.06999610495861287
0.1,1.9000000000000001,G3,0.04455364385628809
0.1,2.0,G1,0.008141849760406567
0.1,2.0,G2,0.0681148988989591
0.1,2.0,G3,0.043104743047713626
0.12000000000000001,0.0,G1,0.04271986955220962
0.12000000000000001,0.0,G2,0.45190716679039167
0.12000000000000001,0.0,G3,0.2369507539667233
0.12000000000000001,0.1,G1,0.03693239072637836
0.12000000000000001,0.1,G2,0.36429658048899394
0.12000000000000001,0.1,G3,0.20394881019834893
0.12000000000000001,0.2,G1,0.03210584606444452
0.12000000000000001,0.2,G2,0.2979472598327664
0.12000000000000001,0.2,G3,0.17656523519932696
0.12000000000000001,0.30000000000000004,G1,0.028104892740842397
0.12000000000000001,0.30000000000000004,G2,0.24809043380962623
0.12000000000000001,0.30000000000000004,G3,0.15394888410364535
0.12000000000000001,0.4,G1,0.024812864480202812
0.12000000000000001,0.4,G2,0.21082741090143775
0.12000000000000001,0.4,G3,0.13535889948827387
0.12000000000000001,0.5,G1,0.022112587760363994
0.12000000000000001,0.5,G2,0.18293551338505565
0.12000000000000001,0.5,G3,0.12012849808050378
0.12000000000000001,0.6000000000000001,G1,0.019903249957045448
0.12000000000000001,0.6000000000000001,G2,0.16184370479042343
0.12000000000000001,0.6000000000000001,G3,0.10766784981501604
0.12000000000000001,0.7000000000000001,G1,0.01808574445956247
0.12000000000000001,0.7000000000000001,G2,0.14562912874453057
0.12000000000000001,0.7000000000000001,G3,0.09744846667031823
0.12000000000000001,0.8,G1,0.016585571963700554
0.12000000000000001,0.8,G2,0.13291972826571816
0.12000000000000001,0.8,G3,0.08902959076254481
0.12000000000000001,0.9,G1,0.015329182073254092
0.12000000000000001,0.9,G2,0.12276614653579465
0.12000000000000001,0.9,G3,0.08204149225388987
0.12000000000000001,1.0,G1,0.014274672562889317
0.12000000000000001,1.0,G2,0.11451157670104599
0.12000000000000001,1.0,G3,0.07619813776492391
0.12000000000000001,1.1,G1,0.013378740763327882
0.12000000000000001,1.1,G2,0.10769477366267018
0.12000000000000001,1.1,G3,0.07126505034836761
0.12000000000000001,1.2000000000000002,G1,0.012610771916498498
0.12000000000000001,1.2000000000000002,G2,0.10198949039383763
0.12000000000000001,1.2000000000000002,G3,0.06707194952885355
0.12000000000000001,1.3,G1,0.011945484972651214
0.12000000000000001,1.3,G2,0.09715362475112244
0.12000000000000001,1.3,G3,0.06347393415605236
0.12000000000000001,1.4000000000000001,G1,0.011367792829459112
0.12000000000000001,1.4000000000000001,G2,0.09301549497352922
0.12000000000000001,1.4000000000000001,G3,0.06036512815780054
0.12000000000000001,1.5,G1,0.010862418722727845
0.12000000000000001,1.5,G2,0.08944046175544015
0.12000000000000001,1.5,G3,0.05766237790689192
0.12000000000000001,1.6,G1,0.01041649820544693
0.12000000000000001,1.6,G2,0.0863265202084118
0.12000000000000001,1.6,G3,0.05529715325681308
0.12000000000000001,1.7000000000000002,G1,0.010021889438206153
0.12000000000000001,1.7000000000000002,G2,0.08359343818810777
0.12000000000000001,1.7000000000000002,G3,0.05321625015212759
0.12000000000000001,1.8,G1,0.009669823498587254
0.12000000000000001,1.8,G2,0.08118172806575183
0.12000000000000001,1.8,G3,0.051372626266175704
0.12000000000000001,1.9000000000000001,G1,0.009355683602679406
0.12000000000000001,1.9000000000000001,G2,0.07904187164082667
0.12000000000000001,1.9000000000000001,G3,0.04973768590363815
0.12000000000000001,2.0,G1,0.009074971149263741
0.12000000000000001,2.0,G2,0.07712737750542505
0.12000000000000001,2.0,G3,0.04827436811748455
0.13999999999999999,0.0,G1,0.04348544517100496
0.13999999999999999,0.0,G2,0.45997586725734624
0.13999999999999999,0.0,G3,0.24118181531008906
0.13999999999999999,0.1,G1,0.03769953160844304
0.13999999999999999,0.1,G2,0.37242945377015824
0.13999999999999999,0.1,G3,0.2082004134376198
0.13999999999999999,0.2,G1,0.032886033060838454
0.13999999999999999,0.2,G2,0.3062569582581981
0.13999999999999999,0.2,G3,0.18088109244961764
0.13999999999999999,0.30000000000000004,G1,0.028903542875065084
0.13999999999999999,0.30000000000000004,G2,0.2566416729871169
0.13999999999999999,0.30000000000000004,G3,0.15836258640691317
0.13999999999999999,0.4,G1,0.02563411454930173
0.13999999999999999,0.4,G2,0.21961972736540344
0.13999999999999999,0.4,G3,0.13989223323641853
0.13999999999999999,0.5,G1,0.022958673337341834
0.13999999999999999,0.5,G2,0.19191162948566814
0.13999999999999999,0.5,G3,0.12478646551659031
0.13999999999999999,0.6000000000000001,G1,0.020769420512925404
0.13999999999999999,0.6000000000000001,G2,0.17093811362224795
0.13999999999999999,0.6000000000000001,G3,0.11243717714102865
0.13999999999999999,0.7000000000000001,G1,0.018969498889314398
0.13999999999999999,0.7000000000000001,G2,0.15477950421657527
0.13999999999999999,0.7000000000000001,G3,0.10231495159315607
0.13999999999999999,0.8,G1,0.017479148192743654
0.13999999999999999,0.8,G2,0.1420897147279983
0.13999999999999999,0.8,G3,0.09396716846097712
0.13999999999999999,0.9,G1,0.01623435062462175
0.13999999999999999,0.9,G2,0.13193027352594902
0.13999999999999999,0.9,G3,0.08703534545941283
0.13999999999999999,1.0,G1,0.01518315333291055
0.13999999999999999,1.0,G2,0.12365732756979088
0.13999999999999999,1.0,G3,0.08122945376385687
0.13999999999999999,1.1,G1,0.014290945179074985
0.13999999999999999,1.1,G2,0.11681354549973111
0.13999999999999999,1.1,G3,0.07632187789196293
0.13999999999999999,1.2000000000000002,G1,0.01352498638101598
0.13999999999999999,1.2000000000000002,G2,0.11107577439801554
0.13999999999999999,1.2000000000000002,G3,0.0721407404435199
0.13999999999999999,1.3,G1,0.012859673796308226
0.13999999999999999,1.3,G2,0.10620892850056923
0.13999999999999999,1.3,G3,0.06854813882010348
0.13999999999999999,1.4000000000000001,G1,0.012284159219080675
0.13999999999999999,1.4000000000000001,G2,0.10203868701457444
0.13999999999999999,1.4000000000000001,G3,0.06544301557549843
0.13999999999999999,1.5,G1,0.011776628265229237
0.13999999999999999,1.5,G2,0.09842934904923084
0.13999999999999999,1.5,G3,0.06273843314390672
0.13999999999999999,1.6,G1,0.011329804020258658
0.13999999999999999,1.6,G2,0.09528417086582773
0.13999999999999999,1.6,G3,0.06036662453632318
0.13999999999999999,1.7000000000000002,G1,0.010933591492385809
0.13999999999999999,1.7000000000000002,G2,0.09252261924846876
0.13999999999999999,1.7000000000000002,G3,0.0582778932268535
0.13999999999999999,1.8,G1,0.01058015137160881
0.13999999999999999,1.8,G2,0.09008227030911219
0.13999999999999999,1.8,G3,0.05642825761869878
0.13999999999999999,1.9000000000000001,G1,0.010264259741416338
0.13999999999999999,1.9000000000000001,G2,0.08791361382060156
0.13999999999999999,1.9000000000000001,G3,0.05478252575771282
0.13999999999999999,2.0,G1,0.009978711682080466
0.13999999999999999,2.0,G2,0.08597744403917924
0.13999999999999999,2.0,G3,0.05331341656144855
0.16,0.0,G1,0.044246390719421234
0.16,0.0,G2,0.4680465740444101
0.16,0.0,G3,0.2454124366070501
0.16,0.1,G1,0.03846788009975713
0.16,0.1,G2,0.3805593159069307
0.16,0.1,G3,0.21245478733988254
0.16,0.2,G1,0.03366365658117372
0.16,0.2,G2,0.31455088970110345
0.16,0.2,G3,0.18519372558480754
0.16,0.30000000000000004,G1,0.02970003873382387
0.16,0.30000000000000004,G2,0.26515384643581896
0.16,0.30000000000000004,G3,0.16276437600858837
0.16,0.4,G1,0.02645273189449215
0.16,0.4,G2,0.22833900247473748
0.16,0.4,G3,0.14440074319868518
0.16,0.5,G1,0.023795592770780253
0.16,0.5,G2,0.20078535565043104
0.16,0.5,G3,0.12940317338953755
0.16,0.6000000000000001,G1,0.021624925100130386
0.16,0.6000000000000001,G2,0.17989999657919317
0.16,0.6000000000000001,G3,0.11715247152026705
0.16,0.7000000000000001,G1,0.01983993191150026
0.16,0.7000000000000001,G2,0.16378730749137585
0.16,0.7000000000000001,G3,0.10710847696891375
0.16,0.8,G1,0.018358194372584985
0.16,0.8,G2,0.1511055780548511
0.16,0.8,G3,0.09882293051187818
0.16,0.9,G1,0.017120390497147486
0.16,0.9,G2,0.1409392779544595
0.16,0.9,G3,0.0919352286807795
0.16,1.0,G1,0.01607393400760157
0.16,1.0,G2,0.13264505837959117
0.16,1.0,G3,0.08615903485524733
0.16,1.1,G1,0.015183544559486964
0.16,1.1,G2,0.12577595806609865
0.16,1.1,G3,0.08126983634983058
0.16,1.2000000000000002,G1,0.014419446898231346
0.16,1.2000000000000002,G2,0.12001060484060037
0.16,1.2000000000000002,G3,0.07710205610661282
0.16,1.3,G1,0.013757066960545813
0.16,1.3,G2,0.1151137145796862
0.16,1.3,G3,0.07351605575935406
0.16,1.4000000000000001,G1,0.013179952312791276
0.16,1.4000000000000001,G2,0.11091236938055733
0.16,1.4000000000000001,G3,0.07041060545543715
0.16,1.5,G1,0.01267261040280878
0.16,1.5,G2,0.10727696884271391
0.16,1.5,G3,0.06770212948135604
0.16,1.6,G1,0.012223969698957048
0.16,1.6,G2,0.10410514688760376
0.16,1.6,G3,0.0653286492266502
0.16,1.7000000000000002,G1,0.011825202050138811
0.16,1.7000000000000002,G2,0.10131785587180826
0.16,1.7000000000000002,G3,0.06323430334312354
0.16,1.8,G1,0.011469971640761883
0.16,1.8,G2,0.09885157301437297
0.16,1.8,G3,0.061376780903393637
0.16,1.9000000000000001,G1,0.011151739270183132
0.16,1.9000000000000001,G2,0.09666018239518447
0.16,1.9000000000000001,G3,0.05972395331311399
0.16,2.0,G1,0.010865436431372243
0.16,2.0,G2,0.09470186219092186
0.16,2.0,G3,0.058246329349736
0.18,0.0,G1,0.045009174641758826
0.18,0.0,G2,0.4761166115110984
0.18,0.0,G3,0.24964344872349614
0.18,0.1,G1,0.039234287365089326
0.18,0.1,G2,0.3886863388525769
0.18,0.1,G3,0.21670467312369318
0.18,0.2,G1,0.034441719044936044
0.18,0.2,G2,0.3228322394514856
0.18,0.2,G3,0.18950026742861145
0.18,0.30000000000000004,G1,0.030495687170321917
0.18,0.30000000000000004,G2,0.27363091641517245
0.18,0.30000000000000004,G3,0.16715809119037325
0.18,0.4,G1,0.027266918126392262
0.18,0.4,G2,0.23699495969599085
0.18,0.4,G3,0.14888792077007743
0.18,0.5,G1,0.02462963788839762
0.18,0.5,G2,0.20957036384060262
0.18,0.5,G3,0.1339870923215685
0.18,0.6000000000000001,G1,0.02247133643228595
0.18,0.6000000000000001,G2,0.18875936385720604
0.18,0.6000000000000001,G3,0.12182207719237433
0.18,0.7000000000000001,G1,0.020697318335445705
0.18,0.7000000000000001,G2,0.1726764250626664
0.18,0.7000000000000001,G3,0.11184560004882313
0.18,0.8,G1,0.019225168837853714
0.18,0.8,G2,0.16000075214539763
0.18,0.8,G3,0.10361402952735277
0.18,0.9,G1,0.017992730178454746
0.18,0.9,G2,0.14982322298148842
0.18,0.9,G3,0.09676112771662522
0.18,1.0,G1,0.016950937289675595
0.18,1.0,G2,0.14150993018730523
0.18,1.0,G3,0.0910104531121426
0.18,1.1,G1,0.016064766992593824
0.18,1.1,G2,0.13461674608427593
0.18,1.1,G3,0.08613895250673674
0.18,1.2000000000000002,G1,0.015297731193083272
0.18,1.2000000000000002,G2,0.1288263169733808
0.18,1.2000000000000002,G3,0.0819774475074278
0.18,1.3,G1,0.014636520764897295
0.18,1.3,G2,0.12390247976768401
0.18,1.3,G3,0.07839755563189772
0.18,1.4000000000000001,G1,0.01405822649178399
0.18,1.4000000000000001,G2,0.11967481667863207
0.18,1.4000000000000001,G3,0.0752907350860083
0.18,1.5,G1,0.013550977826107886
0.18,1.5,G2,0.11601475788482361
0.18,1.5,G3,0.07258176791246602
0.18,1.6,G1,0.013101434661736867
0.18,1.6,G2,0.11281835180086153
0.18,1.6,G3,0.0702023947389082
0.18,1.7000000000000002,G1,0.012699982069278873
0.18,1.7000000000000002,G2,0.11000840375287711
0.18,1.7000000000000002,G3,0.06810517031541036
0.18,1.8,G1,0.012344736321269268
0.18,1.8,G2,0.1075222926623299
0.18,1.8,G3,0.0662424152087379
0.18,1.9000000000000001,G1,0.012025272281218918
0.18,1.9000000000000001,G2,0.10531150869570934
0.18,1.9000000000000001,G3,0.06458391904137308
0.18,2.0,G1,0.011737444321440416
0.18,2.0,G2,0.10333484031093887
0.18,2.0,G3,0.06310013310764018
0.19999999999999998,0.0,G1,0.045772494045538376
0.19999999999999998,0.0,G2,0.4841864340173901
0.19999999999999998,0.0,G3,0.25387443600059995
0.19999999999999998,0.1,G1,0.04000071926306924
0.19999999999999998,0.1,G2,0.39681071831927534
0.19999999999999998,0.1,G3,0.2209548492674455
0.19999999999999998,0.2,G1,0.03521881258079926
0.19999999999999998,0.2,G2,0.3311002213697256
0.19999999999999998,0.2,G3,0.19380199883985122
0.19999999999999998,0.30000000000000004,G1,0.0312878699151579
0.19999999999999998,0.30000000000000004,G2,0.28207625674179493
0.19999999999999998,0.30000000000000004,G3,0.17153757813803389
0.19999999999999998,0.4,G1,0.028074298219052704
0.19999999999999998,0.4,G2,0.24559827075466023
0.19999999999999998,0.4,G3,0.15335715415436924
0.19999999999999998,0.5,G1,0.02545380213251715
0.19999999999999998,0.5,G2,0.21828262157060652
0.19999999999999998,0.5,G3,0.13854271811466246
0.19999999999999998,0.6000000000000001,G1,0.02331002046837045
0.19999999999999998,0.6000000000000001,G2,0.19753231195491747
0.19999999999999998,0.6000000000000001,G3,0.12645116815063148
0.19999999999999998,0.7000000000000001,G1,0.021546028922947727
0.19999999999999998,0.7000000000000001,G2,0.18147260998982723
0.19999999999999998,0.7000000000000001,G3,0.11653417362643224
0.19999999999999998,0.8,G1,0.02008160330547605
0.19999999999999998,0.8,G2,0.16880103798218069
0.19999999999999998,0.8,G3,0.10834699458273707
0.19999999999999998,0.9,G1,0.01885329761016498
0.19999999999999998,0.9,G2,0.15860891903083107
0.19999999999999998,0.9,G3,0.10152860134525814
0.19999999999999998,1.0,G1,0.017815415877342575
0.19999999999999998,1.0,G2,0.15027675630359438
0.19999999999999998,1.0,G3,0.09579588435713028
0.19999999999999998,1.1,G1,0.016928656910951665
0.19999999999999998,1.1,G2,0.14336095510117636
0.19999999999999998,1.1,G3,0.09093872997130667
0.19999999999999998,1.2000000000000002,G1,0.01616550392365128
0.19999999999999998,1.2000000000000002,G2,0.13754478893735902
0.19999999999999998,1.2000000000000002,G3,0.08678592305894631
0.19999999999999998,1.3,G1,0.015503606679503065
0.19999999999999998,1.3,G2,0.13259902220222308
0.19999999999999998,1.3,G3,0.08320817274532234
0.19999999999999998,1.4000000000000001,G1,0.014923884102921737
0.19999999999999998,1.4000000000000001,G2,0.12834761591191635
0.19999999999999998,1.4000000000000001,G3,0.08010364967543583
0.19999999999999998,1.5,G1,0.014415912148901772
0.19999999999999998,1.5,G2,0.12466671908121219
0.19999999999999998,1.5,G3,0.07739313060068592
0.19999999999999998,1.6,G1,0.013965957149971897
0.19999999999999998,1.6,G2,0.12144768551904533
0.19999999999999998,1.6,G3,0.07500935337640141
0.19999999999999998,1.7000000000000002,G1,0.013566495234851157
0.19999999999999998,1.7000000000000002,G2,0.11861714790947417
0.19999999999999998,1.7000000000000002,G3,0.07290627809726102
0.19999999999999998,1.8,G1,0.013207798511826088
0.19999999999999998,1.8,G2,0.11611410792160878
0.19999999999999998,1.8,G3,0.07103956536741282
0.19999999999999998,1.9000000000000001,G1,0.012887090211824192
0.19999999999999998,1.9000000000000001,G2,0.11388556923757868
0.19999999999999998,1.9000000000000001,G3,0.0693770673721068
0.19999999999999998,2.0,G1,0.012596134922955048
0.19999999999999998,2.0,G2,0.11189389943320453
0.19999999999999998,2.0,G3,0.06788663418402209
0.22,0.0,G1,0.04653510213198833
0.22,0.0,G2,0.49225603574761473
0.22,0.0,G3,0.2581087389677005
0.22,0.1,G1,0.04076675617205678
0.22,0.1,G2,0.4049346935357595
0.22,0.1,G3,0.22520483948534722
0.22,0.2,G1,0.035995287240601685
0.22,0.2,G2,0.33935551169837824
0.22,0.2,G3,0.19810374881076215
0.22,0.30000000000000004,G1,0.032079937358609825
0.22,0.30000000000000004,G2,0.2904948218320882
0.22,0.30000000000000004,G3,0.17591016743449575
0.22,0.4,G1,0.028880720404067826
0.22,0.4,G2,0.25415598902180603
0.22,0.4,G3,0.15780997897503324
0.22,0.5,G1,0.02627414744679213
0.22,0.5,G2,0.2269347216949524
0.22,0.5,G3,0.14307330317593883
0.22,0.6000000000000001,G1,0.02414401643846819
0.22,0.6000000000000001,G2,0.20623549377916053
0.22,0.6000000000000001,G3,0.1310484346767792
0.22,0.7000000000000001,G1,0.02238687882513167
0.22,0.7000000000000001,G2,0.19019421315002386
0.22,0.7000000000000001,G3,0.12118593463453778
0.22,0.8,G1,0.02092890726215358
0.22,0.8,G2,0.17751887511585843
0.22,0.8,G3,0.11303409554721691
0.22,0.9,G1,0.01970664154990564
0.22,0.9,G2,0.16731683994785723
0.22,0.9,G3,0.10624150366428559
0.22,1.0,G1,0.018669056157413166
0.22,1.0,G2,0.1589635492362888
0.22,1.0,G3,0.10052811463769108
0.22,1.1,G1,0.017784523352585846
0.22,1.1,G2,0.15202665593717382
0.22,1.1,G3,0.09568152874739876
0.22,1.2000000000000002,G1,0.017021575683623405
0.22,1.2000000000000002,G2,0.14618939582179544
0.22,1.2000000000000002,G3,0.09153571074960103
0.22,1.3,G1,0.01635984775024605
0.22,1.3,G2,0.14122163851922198
0.22,1.3,G3,0.08796047076667848
0.22,1.4000000000000001,G1,0.015780796634663575
0.22,1.4000000000000001,G2,0.13694915324071116
0.22,1.4000000000000001,G3,0.08485726447994829
0.22,1.5,G1,0.015270140408212264
0.22,1.5,G2,0.13324638438324773
0.22,1.5,G3,0.08214314678117633
0.22,1.6,G1,0.01481939944441404
0.22,1.6,G2,0.1300098072376993
0.22,1.6,G3,0.07975947440668767
0.22,1.7000000000000002,G1,0.014418872269885795
0.22,1.7000000000000002,G2,0.12716365601183488
0.22,1.7000000000000002,G3,0.07765326924961911
0.22,1.8,G1,0.01406023734805305
0.22,1.8,G2,0.12464359659719712
0.22,1.8,G3,0.07577974004104579
0.22,1.9000000000000001,G1,0.013738624352921556
0.22,1.9000000000000001,G2,0.12239853851836112
0.22,1.9000000000000001,G3,0.07411266550887116
0.22,2.0,G1,0.013448585299083915
0.22,2.0,G2,0.12039032089674497
0.22,2.0,G3,0.07261888531368185
0.24,0.0,G1,0.047298668705583156
0.24,0.0,G2,0.5003266605560023
0.24,0.0,G3,0.26233992476396056
0.24,0.1,G1,0.04153315656668296
0.24,0.1,G2,0.41305491357012086
0.24,0.1,G3,0.22945341103445657
0.24,0.2,G1,0.03677107467930072
0.24,0.2,G2,0.34759887102926373
0.24,0.2,G3,0.20240156880067356
0.24,0.30000000000000004,G1,0.03286919334982047
0.24,0.30000000000000004,G2,0.2988887907729473
0.24,0.30000000000000004,G3,0.18027425886570303
0.24,0.4,G1,0.029683501768462146
0.24,0.4,G2,0.2626737391866429
0.24,0.4,G3,0.1622483995972137
0.24,0.5,G1,0.02709024577860329
0.24,0.5,G2,0.23553422633087542
0.24,0.5,G3,0.14758192891517324
0.24,0.6000000000000001,G1,0.02497004865774134
0.24,0.6000000000000001,G2,0.2148771064337585
0.24,0.6000000000000001,G3,0.13561521622360376
0.24,0.7000000000000001,G1,0.023221047948503545
0.24,0.7000000000000001,G2,0.19884997085248443
0.24,0.7000000000000001,G3,0.1257985771390263
0.24,0.8,G1,0.02176840105428914
0.24,0.8,G2,0.18617131660133374
0.24,0.8,G3,0.11768160864252415
0.24,0.9,G1,0.020549704546798248
0.24,0.9,G2,0.17595505206369547
0.24,0.9,G3,0.11091352818429212
0.24,1.0,G1,0.019514990924477255
0.24,1.0,G2,0.16758695477748545
0.24,1.0,G3,0.10521657867950991
0.24,1.1,G1,0.01863098730744496
0.24,1.1,G2,0.16062781136860807
0.24,1.1,G3,0.1003778463332075
0.24,1.2000000000000002,G1,0.017869415896116923
0.24,1.2000000000000002,G2,0.15477005647716502
0.24,1.2000000000000002,G3,0.0962367560199916
0.24,1.3,G1,0.01720744912550208
0.24,1.3,G2,0.14978204301623926
0.24,1.3,G3,0.09266418374610284
0.24,1.4000000000000001,G1,0.016629182557889616
0.24,1.4000000000000001,G2,0.14549224708273553
0.24,1.4000000000000001,G3,0.08956062562828906
0.24,1.5,G1,0.016117202185308977
0.24,1.5,G2,0.14177082724131532
0.24,1.5,G3,0.08684679203183238
0.24,1.6,G1,0.01566612135570133
0.24,1.6,G2,0.1385159145766684
0.24,1.6,G3,0.084458339017067
0.24,1.7000000000000002,G1,0.015262619142593194
0.24,1.7000000000000002,G2,0.13565403225761719
0.24,1.7000000000000002,G3,0.08234901779482161
0.24,1.8,G1,0.01490294426324204
0.24,1.8,G2,0.13311861220102217
0.24,1.8,G3,0.08047646165779114
0.24,1.9000000000000001,G1,0.014580510660885218
0.24,1.9000000000000001,G2,0.1308603764817317
0.24,1.9000000000000001,G3,0.07880401875314408
0.24,2.0,G1,0.014288883898992433
0.24,2.0,G2,0.12884085137400014
0.24,2.0,G3,0.07730683384957479
0.26,0.0,G1,0.04806021346684812
0.26,0.0,G2,0.5083951536537272
0.26,0.0,G3,0.2665686732993125
0.26,0.1,G1,0.04229847681382996
0.26,0.1,G2,0.42116965847771587
0.26,0.1,G3,0.23370147859003193
0.26,0.2,G1,0.03754622942719567
0.26,0.2,G2,0.3558354371797405
0.26,0.2,G3,0.206695192447695
0.26,0.30000000000000004,G1,0.033655481292594026
0.26,0.30000000000000004,G2,0.3072604831007396
0.26,0.30000000000000004,G3,0.18463134199219597
0.26,0.4,G1,0.030485124631988412
0.26,0.4,G2,0.2711585854647359
0.26,0.4,G3,0.16667670008811977
0.26,0.5,G1,0.027902529450334904
0.26,0.5,G2,0.24408903837060295
0.26,0.5,G3,0.1520701296805153
0.26,0.6000000000000001,G1,0.025790516515818193
0.26,0.6000000000000001,G2,0.22346659187236262
0.26,0.6000000000000001,G3,0.14015848503732578
0.26,0.7000000000000001,G1,0.02404806536399198
0.26,0.7000000000000001,G2,0.20745111598635185
0.26,0.7000000000000001,G3,0.13038197360630208
0.26,0.8,G1,0.022601587392936086
0.26,0.8,G2,0.19476644416047179
0.26,0.8,G3,0.12229688035492557
0.26,0.9,G1,0.02138564484813258
0.26,0.9,G2,0.18453840348735892
0.26,0.9,G3,0.11554863439838131
0.26,1.0,G1,0.020355196448552337
0.26,1.0,G2,0.17615206148375254
0.26,1.0,G3,0.1098637605906967
0.26,1.1,G1,0.019470914617582297
0.26,1.1,G2,0.16917713515222754
0.26,1.1,G3,0.10503574592816609
0.26,1.2000000000000002,G1,0.018708912632500165
0.26,1.2000000000000002,G2,0.16330081344255887
0.26,1.2000000000000002,G3,0.10089972009446159
0.26,1.3,G1,0.01804698047825766
0.26,1.3,G2,0.15829167733794347
0.26,1.3,G3,0.09732672162312984
0.26,1.4000000000000001,G1,0.01746770157329348
0.26,1.4000000000000001,G2,0.15398440600912025
0.26,1.4000000000000001,G3,0.0942229343504848
0.26,1.5,G1,0.01695681638608838
0.26,1.5,G2,0.15024669824785497
0.26,1.5,G3,0.09150816588947243
0.26,1.6,G1,0.016505300260616435
0.26,1.6,G2,0.14697821729533106
0.26,1.6,G3,0.08911917279480404
0.26,1.7000000000000002,G1,0.016100430237572107
0.26,1.7000000000000002,G2,0.14410068477466434
0.26,1.7000000000000002,G3,0.0870066585089324
0.26,1.8,G1,0.015739930806462514
0.26,1.8,G2,0.14155203165510313
0.26,1.8,G3,0.08513011566707535
0.26,1.9000000000000001,G1,0.015415130576981902
0.26,1.9000000000000001,G2,0.1392825180309747
0.26,1.9000000000000001,G3,0.08345419351044323
0.26,2.0,G1,0.015122618586629274
0.26,2.0,G2,0.13725301358119632
0.26,2.0,G3,0.08195154492066514
0.28,0.0,G1,0.048822833761685766
0.28,0.0,G2,0.5164661171553246
0.28,0.0,G3,0.27079940870991787
0.28,0.1,G1,0.043065704835604283
0.28,0.1,G2,0.42928574645070683
0.28,0.1,G3,0.23794885189549234
0.28,0.2,G1,0.03832084887583172
0.28,0.2,G2,0.36406232892194273
0.28,0.2,G3,0.21098576213825068
0.28,0.30000000000000004,G1,0.0344416714669525
0.28,0.30000000000000004,G2,0.31561251079532543
0.28,0.30000000000000004,G3,0.1889825625452945
0.28,0.4,G1,0.03128294719489449
0.28,0.4,G2,0.27961226781467846
0.28,0.4,G3,0.1710896997065541
0.28,0.5,G1,0.02871118007245974
0.28,0.5,G2,0.2526047534604293
0.28,0.5,G3,0.1565417326885662
0.28,0.6000000000000001,G1,0.02660854887955274
0.28,0.6000000000000001,G2,0.23201242742688008
0.28,0.6000000000000001,G3,0.14467820772743745
0.28,0.7000000000000001,G1,0.024874243417784953
0.28,0.7000000000000001,G2,0.21600347349432378
0.28,0.7000000000000001,G3,0.13493874788092783
0.28,0.8,G1,0.02342919738645393
0.28,0.8,G2,0.20331539129247306
0.28,0.8,G3,0.12687958498311214
0.28,0.9,G1,0.022215857669685476
0.28,0.9,G2,0.1930737911080822
0.28,0.9,G3,0.1201480078117613
0.28,1.0,G1,0.021186395778470125
0.28,1.0,G2,0.184671429317295
0.28,1.0,G3,0.11447809434058775
0.28,1.1,G1,0.020302898748851553
0.28,1.1,G2,0.1776778694686428
0.28,1.1,G3,0.10965621559895564
0.28,1.2000000000000002,G1,0.019542706270243362
0.28,1.2000000000000002,G2,0.17178323118095962
0.28,1.2000000000000002,G3,0.10552458757256218
0.28,1.3,G1,0.01888020168391942
0.28,1.3,G2,0.16676068663221794
0.28,1.3,G3,0.1019558745057233
0.28,1.4000000000000001,G1,0.018300419459070485
0.28,1.4000000000000001,G2,0.16243505033231265
0.28,1.4000000000000001,G3,0.09884987832834609
0.28,1.5,G1,0.017789511486396153
0.28,1.5,G2,0.15868207854621186
0.28,1.5,G3,0.09613358067273511
0.28,1.6,G1,0.017336401026586422
0.28,1.6,G2,0.1553996016646766
0.28,1.6,G3,0.0937428405682199
0.28,1.7000000000000002,G1,0.016934154353131708
0.28,1.7000000000000002,G2,0.15250914157346496
0.28,1.7000000000000002,G3,0.09162801038108279
0.28,1.8,G1,0.016571978918364715
0.28,1.8,G2,0.14994863286804255
0.28,1.8,G3,0.08974777649508621
0.28,1.9000000000000001,G1,0.01624586080675282
0.28,1.9000000000000001,G2,0.1476680407677133
0.28,1.9000000000000001,G3,0.08806923064419031
0.28,2.0,G1,0.015950914303208667
0.28,2.0,G2,0.14562696248305382
0.28,2.0,G3,0.08656504247428772
0.30000000000000004,0.0,G1,0.049587919058351256
0.30000000000000004,0.0,G2,0.524535357026817
0.30000000000000004,0.0,G3,0.2750335139965547
0.30000000000000004,0.1,G1,0.04383254141540405
0.30000000000000004,0.1,G2,0.4373999592623417
0.30000000000000004,0.1,G3,0.24219550105042006
0.30000000000000004,0.2,G1,0.03909591689353706
0.30000000000000004,0.2,G2,0.37228058250579865
0.30000000000000004,0.2,G3,0.21527245280401794
0.30000000000000004,0.30000000000000004,G1,0.03522640498341464
0.30000000000000004,0.30000000000000004,G2,0.3239479865277901
0.30000000000000004,0.30000000000000004,G3,0.19332491709365313
0.30000000000000004,0.4,G1,0.03208039289645753
0.30000000000000004,0.4,G2,0.28803836554683243
0.30000000000000004,0.4,G3,0.17549163168713888
0.30000000000000004,0.5,G1,0.029516311734764683
0.30000000000000004,0.5,G2,0.26108623070943093
0.30000000000000004,0.5,G3,0.1609979711470167
0.30000000000000004,0.6000000000000001,G1,0.027421509491625758
0.30000000000000004,0.6000000000000001,G2,0.24051958285521066
0.30000000000000004,0.6000000000000001,G3,0.1491776198162938
0.30000000000000004,0.7000000000000001,G1,0.02569175951939207
0.30000000000000004,0.7000000000000001,G2,0.22451747480226356
0.30000000000000004,0.7000000000000001,G3,0.13947291006614884
0.30000000000000004,0.8,G1,0.024253715340511874
0.30000000000000004,0.8,G2,0.21182033019488347
0.30000000000000004,0.8,G3,0.13143819147664682
0.30000000000000004,0.9,G1,0.023041071597851546
0.30000000000000004,0.9,G2,0.20156789980731188
0.30000000000000004,0.9,G3,0.12472382014094321
0.30000000000000004,1.0,G1,0.02201297419770423
0.30000000000000004,1.0,G2,0.193149116005215
0.30000000000000004,1.0,G3,0.11906177546851442
0.30000000000000004,1.1,G1,0.02113231938550759
0.30000000000000004,1.1,G2,0.1861405875768428
0.30000000000000004,1.1,G3,0.11424802992453391
0.30000000000000004,1.2000000000000002,G1,0.020372400302166343
0.30000000000000004,1.2000000000000002,G2,0.18022917434334093
0.30000000000000004,1.2000000000000002,G3,0.11011864588128051
0.30000000000000004,1.3,G1,0.019709847942493152
0.30000000000000004,1.3,G2,0.17518989842736013
0.30000000000000004,1.3,G3,0.1065508453605907
0.30000000000000004,1.4000000000000001,G1,0.019128144357422203
0.30000000000000004,1.4000000000000001,G2,0.17085207584327552
0.30000000000000004,1.4000000000000001,G3,0.10344781162208347
0.30000000000000004,1.5,G1,0.018616065582051516
0.30000000000000004,1.5,G2,0.16708546023076198
0.30000000000000004,1.5,G3,0.10073063847337409
0.30000000000000004,1.6,G1,0.01816221314545649
0.30000000000000004,1.6,G2,0.16379026318762063
0.30000000000000004,1.6,G3,0.09833593858959841
0.30000000000000004,1.7000000000000002,G1,0.01775821927959337
0.30000000000000004,1.7000000000000002,G2,0.16088558850340154
0.30000000000000004,1.7000000000000002,G3,0.09621861860643793
0.30000000000000004,1.8,G1,0.017397634137631006
0.30000000000000004,1.8,G2,0.15831409444650288
0.30000000000000004,1.8,G3,0.094335988700491
0.30000000000000004,1.9000000000000001,G1,0.017071346025370134
0.30000000000000004,1.9000000000000001,G2,0.15602346484305232
0.30000000000000004,1.9000000000000001,G3,0.09265485876747685
0.30000000000000004,2.0,G1,0.016774964758154706
0.30000000000000004,2.0,G2,0.1539731631387498
0.30000000000000004,2.0,G3,0.09114800812745659
0.32,0.0,G1,0.05034967276322773
0.32,0.0,G2,0.5326033578702694
0.32,0.0,G3,0.2792630746714095
0.32,0.1,G1,0.044595918148933454
0.32,0.1,G2,0.4455126579669608
0.32,0.1,G3,0.24644107260861484
0.32,0.2,G1,0.03986920432519046
0.32,0.2,G2,0.3804913898522171
0.32,0.2,G3,0.2195591923592853
0.32,0.30000000000000004,G1,0.03601012344366791
0.32,0.30000000000000004,G2,0.33226790784905846
0.32,0.30000000000000004,G3,0.19766406121811
0.32,0.4,G1,0.032874449706179344
0.32,0.4,G2,0.2964408286865332
0.32,0.4,G3,0.17988336779541073
0.32,0.5,G1,0.03031896651921508
0.32,0.5,G2,0.26954034119508913
0.32,0.5,G3,0.1654402747383954
0.32,0.6000000000000001,G1,0.028230871042505837
0.32,0.6000000000000001,G2,0.2489927657045581
0.32,0.6000000000000001,G3,0.15365992510595683
0.32,0.7000000000000001,G1,0.026506330157607567
0.32,0.7000000000000001,G2,0.23299429470856534
0.32,0.7000000000000001,G3,0.14398561615150388
0.32,0.8,G1,0.025070601034823944
0.32,0.8,G2,0.22029252886640024
0.32,0.8,G3,0.13597124000252414
0.32,0.9,G1,0.023860551694513035
0.32,0.9,G2,0.21002706559323342
0.32,0.9,G3,0.1292727143801862
0.32,1.0,G1,0.022834976185843067
0.32,1.0,G2,0.20159408123721512
0.32,1.0,G3,0.12362199781927735
0.32,1.1,G1,0.021954881649942044
0.32,1.1,G2,0.19456832007056102
0.32,1.1,G3,0.11881190156105673
0.32,1.2000000000000002,G1,0.021194422580566016
0.32,1.2000000000000002,G2,0.1886428773139269
0.32,1.2000000000000002,G3,0.11468568695944772
0.32,1.3,G1,0.020532520106155708
0.32,1.3,G2,0.18358871321880094
0.32,1.3,G3,0.11111909108829433
0.32,1.4000000000000001,G1,0.019951791809114834
0.32,1.4000000000000001,G2,0.17923617808051354
0.32,1.4000000000000001,G3,0.10801590353965577
0.32,1.5,G1,0.01943871897805568
0.32,1.5,G2,0.17545617434237945
0.32,1.5,G3,0.10529803686336649
0.32,1.6,G1,0.018984662004205708
0.32,1.6,G2,0.1721490106027452
0.32,1.6,G3,0.10290407763689864
0.32,1.7000000000000002,G1,0.01857867352539343
0.32,1.7000000000000002,G2,0.16923653760809138
0.32,1.7000000000000002,G3,0.10078484617539626
0.32,1.8,G1,0.01821662015645943
0.32,1.8,G2,0.1666551038666613
0.32,1.8,G3,0.09889786299877235
0.32,1.9000000000000001,G1,0.01788949190969883
0.32,1.9000000000000001,G2,0.16435534940151034
0.32,1.9000000000000001,G3,0.09721429289504906
0.32,2.0,G1,0.01759610399133312
0.32,2.0,G2,0.16229448242725
0.32,2.0,G3,0.095704687384637
0.34,0.0,G1,0.051112122655001625
0.34,0.0,G2,0.5406730880282756
0.34,0.0,G3,0.28349456728167904
0.34,0.1,G1,0.04536155230687316
0.34,0.1,G2,0.453623246690831
0.34,0.1,G3,0.25068657024615704
0.34,0.2,G1,0.040641888952676196
0.34,0.2,G2,0.38869522929791844
0.34,0.2,G3,0.22384274374464191
0.34,0.30000000000000004,G1,0.03679277234598457
0.34,0.30000000000000004,G2,0.3405715962210921
0.34,0.30000000000000004,G3,0.20199703596735769
0.34,0.4,G1,0.033665682182515366
0.34,0.4,G2,0.3048211588548528
0.34,0.4,G3,0.18426928753206462
0.34,0.5,G1,0.031120339924175313
0.34,0.5,G2,0.27796356628859875
0.34,0.5,G3,0.16987289393586072
0.34,0.6000000000000001,G1,0.02903714915398965
0.34,0.6000000000000001,G2,0.2574361273791835
0.34,0.6000000000000001,G3,0.1581262922364827
0.34,0.7000000000000001,G1,0.027317836354299505
0.34,0.7000000000000001,G2,0.24144018208873785
0.34,0.7000000000000001,G3,0.14847909138190665
0.34,0.8,G1,0.025886042339228053
0.34,0.8,G2,0.22873246631192576
0.34,0.8,G3,0.14048618361859277
0.34,0.9,G1,0.024679897186435786
0.34,0.9,G2,0.21845356916910688
0.34,0.9,G3,0.13380019220126543
0.34,1.0,G1,0.023652815374448657
0.34,1.0,G2,0.21000813828040557
0.34,1.0,G3,0.12815788902077882
0.34,1.1,G1,0.02277331505886938
0.34,1.1,G2,0.202967931643649
0.34,1.1,G3,0.12335425451557448
0.34,1.2000000000000002,G1,0.022012908117418892
0.34,1.2000000000000002,G2,0.1970270074618852
0.34,1.2000000000000002,G3,0.11923021809844978
0.34,1.3,G1,0.021350682993267752
0.34,1.3,G2,0.1919587230131343
0.34,1.3,G3,0.1156662440925732
0.34,1.4000000000000001,G1,0.020769650755291413
0.34,1.4000000000000001,G2,0.1875947373053095
0.34,1.4000000000000001,G3,0.11256040170931321
0.34,1.5,G1,0.020255846897971778
0.34,1.5,G2,0.18380313877404275
0.34,1.5,G3,0.10984130857878394
0.34,1.6,G1,0.01980274136637125
0.34,1.6,G2,0.18048514104917673
0.34,1.6,G3,0.10744571362902096
0.34,1.7000000000000002,G1,0.01939601119237711
0.34,1.7000000000000002,G2,0.17756096689068518
0.34,1.7000000000000002,G3,0.10532502227677314
0.34,1.8,G1,0.0190319790012584
0.34,1.8,G2,0.17496986129133874
0.34,1.8,G3,0.10343812184698652
0.34,1.9000000000000001,G1,0.018704635238740643
0.34,1.9000000000000001,G2,0.17266185953564028
0.34,1.9000000000000001,G3,0.10175241399424179
0.34,2.0,G1,0.018409219778292945
0.34,2.0,G2,0.17059594099077546
0.34,2.0,G3,0.10023863432562931
0.36000000000000004,0.0,G1,0.05187741946912242
0.36000000000000004,0.0,G2,0.5487455659129844
0.36000000000000004,0.0,G3,0.2877256412944596
0.36000000000000004,0.1,G1,0.04612870530651755
0.36000000000000004,0.1,G2,0.46173115864456343
0.36000000000000004,0.1,G3,0.254931528982963
0.36000000000000004,0.2,G1,0.04141461696833758
0.36000000000000004,0.2,G2,0.39689261152583455
0.36000000000000004,0.2,G3,0.2281248734485798
0.36000000000000004,0.30000000000000004,G1,0.03757444215863698
0.36000000000000004,0.30000000000000004,G2,0.34886298748387556
0.36000000000000004,0.30000000000000004,G3,0.2063251293475239
0.36000000000000004,0.4,G1,0.03445639608235507
0.36000000000000004,0.4,G2,0.3131833739435382
0.36000000000000004,0.4,G3,0.188645764744475
0.36000000000000004,0.5,G1,0.03192037380735622
0.36000000000000004,0.5,G2,0.2863642399466353
0.36000000000000004,0.5,G3,0.17429017961585255
0.36000000000000004,0.6000000000000001,G1,0.029840968271982196
0.36000000000000004,0.6000000000000001,G2,0.2658561412497601
0.36000000000000004,0.6000000000000001,G3,0.16257858564685196
0.36000000000000004,0.7000000000000001,G1,0.02812677345733688
0.36000000000000004,0.7000000000000001,G2,0.24985831630272046
0.36000000000000004,0.7000000000000001,G3,0.15295648767026432
0.36000000000000004,0.8,G1,0.026697771506012567
0.36000000000000004,0.8,G2,0.23714296637642374
0.36000000000000004,0.8,G3,0.1449812691946043
0.36000000000000004,0.9,G1,0.025491391508034075
0.36000000000000004,0.9,G2,0.22685393018535602
0.36000000000000004,0.9,G3,0.13830785914586824
0.36000000000000004,1.0,G1,0.024468552862465232
0.36000000000000004,1.0,G2,0.2183939565398592
0.36000000000000004,1.0,G3,0.1326722928669337
0.36000000000000004,1.1,G1,0.023587968593760503
0.36000000000000004,1.1,G2,0.2113422846682093
0.36000000000000004,1.1,G3,0.12787449262167608
0.36000000000000004,1.2000000000000002,G1,0.02282770397006512
0.36000000000000004,1.2000000000000002,G2,0.20538711662701636
0.36000000000000004,1.2000000000000002,G3,0.12375358488224034
0.36000000000000004,1.3,G1,0.022165218617014718
0.36000000000000004,1.3,G2,0.20030702287360785
0.36000000000000004,1.3,G3,0.12018868375210884
0.36000000000000004,1.4000000000000001,G1,0.021584189705518148
0.36000000000000004,1.4000000000000001,G2,0.19592887782111604
0.36000000000000004,1.4000000000000001,G3,0.11708440503254235
0.36000000000000004,1.5,G1,0.021071044641371744
0.36000000000000004,1.5,G2,0.19212563007759606
0.36000000000000004,1.5,G3,0.1143641349949383
0.36000000000000004,1.6,G1,0.020615555612027017
0.36000000000000004,1.6,G2,0.1887987436985627
0.36000000000000004,1.6,G3,0.11196571983766038
0.36000000000000004,1.7000000000000002,G1,0.020208531755972713
0.36000000000000004,1.7000000000000002,G2,0.18586608996690124
0.36000000000000004,1.7000000000000002,G3,0.10984402353670682
0.36000000000000004,1.8,G1,0.019845715869271297
0.36000000000000004,1.8,G2,0.18326668071134267
0.36000000000000004,1.8,G3,0.1079551299021258
0.36000000000000004,1.9000000000000001,G1,0.019516849300878648
0.36000000000000004,1.9000000000000001,G2,0.1809500649768214
0.36000000000000004,1.9000000000000001,G3,0.10626705792158445
0.36000000000000004,2.0,G1,0.019220829922365564
0.36000000000000004,2.0,G2,0.17887734899031116
0.36000000000000004,2.0,G3,0.10475364196950013
0.38,0.0,G1,0.052638660109922325
0.38,0.0,G2,0.5568148196897874
0.38,0.0,G3,0.29195788375366105
0.38,0.1,G1,0.04689410785618452
0.38,0.1,G2,0.4698394429763179
0.38,0.1,G3,0.25917937103200833
0.38,0.2,G1,0.04218547969463264
0.38,0.2,G2,0.40508624894574663
0.38,0.2,G3,0.23240287954131678
0.38,0.30000000000000004,G1,0.03835525124703017
0.38,0.30000000000000004,G2,0.3571409264906002
0.38,0.30000000000000004,G3,0.21064782214880734
0.38,0.4,G1,0.03524539951901701
0.38,0.4,G2,0.3215256972811552
0.38,0.4,G3,0.19301550148431235
0.38,0.5,G1,0.032714120046051606
0.38,0.5,G2,0.29474396858807284
0.38,0.5,G3,0.178698189723029
0.38,0.6000000000000001,G1,0.030643750001458085
0.38,0.6000000000000001,G2,0.27424753704897753
0.38,0.6000000000000001,G3,0.1670209423866268
0.38,0.7000000000000001,G1,0.028931872399499094
0.38,0.7000000000000001,G2,0.25825194687814035
0.38,0.7000000000000001,G3,0.1574188254106536
0.38,0.8,G1,0.027504558966657742
0.38,0.8,G2,0.24552928428096665
0.38,0.8,G3,0.1494594370752326
0.38,0.9,G1,0.02630146189375107
0.38,0.9,G2,0.23522906451331774
0.38,0.9,G3,0.14279809937672985
0.38,1.0,G1,0.025277951710074874
0.38,1.0,G2,0.226757397430163
0.38,1.0,G3,0.13716915815295092
0.38,1.1,G1,0.02440090553174734
0.38,1.1,G2,0.21969074816369374
0.38,1.1,G3,0.13237473895883592
0.38,1.2000000000000002,G1,0.023639098858026567
0.38,1.2000000000000002,G2,0.21372302968173038
0.38,1.2000000000000002,G3,0.12825773463040827
0.38,1.3,G1,0.022976474622145242
0.38,1.3,G2,0.20863288085647644
0.38,1.3,G3,0.12469438001331788
0.38,1.4000000000000001,G1,0.022394986077910534
0.38,1.4000000000000001,G2,0.20424427032631623
0.38,1.4000000000000001,G3,0.12158881768579723
0.38,1.5,G1,0.02188153706253601
0.38,1.5,G2,0.20043193073013701
0.38,1.5,G3,0.11886837193605658
0.38,1.6,G1,0.02142579477379909
0.38,1.6,G2,0.1970933604034359
0.38,1.6,G3,0.11646970919435837
0.38,1.7000000000000002,G1,0.0210189309217645
0.38,1.7000000000000002,G2,0.19415380327114937
0.38,1.7000000000000002,G3,0.11434453325320251
0.38,1.8,G1,0.02065419370483395
0.38,1.8,G2,0.19154381032840234
0.38,1.8,G3,0.11245472848140471
0.38,1.9000000000000001,G1,0.020324492156203113
0.38,1.9000000000000001,G2,0.18922166340486532
0.38,1.9000000000000001,G3,0.11076517769652172
0.38,2.0,G1,0.020030684484190365
0.38,2.0,G2,0.18714134089560522
0.38,2.0,G3,0.10924839274982914
0.4,0.0,G1,0.05340174040740548
0.4,0.0,G2,0.5648857253273324
0.4,0.0,G3,0.2961886319279893
0.4,0.1,G1,0.04765860414390721
0.4,0.1,G2,0.4779456890812141
0.4,0.1,G3,0.26342171584222196
0.4,0.2,G1,0.04295765805414906
0.4,0.2,G2,0.41327273682809557
0.4,0.2,G3,0.23667996116204026
0.4,0.30000000000000004,G1,0.03913616922698547
0.4,0.30000000000000004,G2,0.3654090879324285
0.4,0.30000000000000004,G3,0.21496674377921954
0.4,0.4,G1,0.03603320485269781
0.4,0.4,G2,0.32985229580971875
0.4,0.4,G3,0.19737645905370374
0.4,0.5,G1,0.03350984135482731
0.4,0.5,G2,0.30310386770539094
0.4,0.5,G3,0.1830971204594819
0.4,0.6000000000000001,G1,0.03144267463194076
0.4,0.6000000000000001,G2,0.2826197953488328
0.4,0.6000000000000001,G3,0.1714479360649796
0.4,0.7000000000000001,G1,0.02973437589865639
0.4,0.7000000000000001,G2,0.2666268777045631
0.4,0.7000000000000001,G3,0.1618677683324238
0.4,0.8,G1,0.02830912978318035
0.4,0.8,G2,0.25389371435541425
0.4,0.8,G3,0.15392332615702417
0.4,0.9,G1,0.02710761099435432
0.4,0.9,G2,0.24358281053019135
0.4,0.9,G3,0.1472725076050237
0.4,1.0,G1,0.026084594583818912
0.4,1.0,G2,0.23509890406766654
0.4,1.0,G3,0.14165159172817277
0.4,1.1,G1,0.025207678948314362
0.4,1.1,G2,0.22802116456470814
0.4,1.1,G3,0.13686018343390308
0.4,1.2000000000000002,G1,0.0244490717134188
0.4,1.2000000000000002,G2,0.22204166406482098
0.4,1.2000000000000002,G3,0.13274345813272753
0.4,1.3,G1,0.023783525792004125
0.4,1.3,G2,0.2169400559174856
0.4,1.3,G3,0.12918196283582498
0.4,1.4000000000000001,G1,0.023202899840671642
0.4,1.4000000000000001,G2,0.21253937377593096
0.4,1.4000000000000001,G3,0.1260770031411493
0.4,1.5,G1,0.022689085321983493
0.4,1.5,G2,0.20871906129875972
0.4,1.5,G3,0.1233547094194378
0.4,1.6,G1,0.022232773447088156
0.4,1.6,G2,0.2053721974892223
0.4,1.6,G3,0.12095520843603175
0.4,1.7000000000000002,G1,0.021825486247001813
0.4,1.7000000000000002,G2,0.2024225474809701
0.4,1.7000000000000002,G3,0.11883048236025819
0.4,1.8,G1,0.02146042541914109
0.4,1.8,G2,0.19980833433528888
0.4,1.8,G3,0.11693829637122088
0.4,1.9000000000000001,G1,0.021131593262177024
0.4,1.9000000000000001,G2,0.1974776877365015
0.4,1.9000000000000001,G3,0.11524489925775105
0.4,2.0,G1,0.020834396730548346
0.4,2.0,G2,0.19539057977091923
0.4,2.0,G3,0.11372874008816149
0.42000000000000004,0.0,G1,0.05416450043040956
0.42000000000000004,0.0,G2,0.5729538034212505
0.42000000000000004,0.0,G3,0.3004199930890191
0.42000000000000004,0.1,G1,0.04842367125901515
0.42000000000000004,0.1,G2,0.4860504198290221
0.42000000000000004,0.1,G3,0.2676650221636463
0.42000000000000004,0.2,G1,0.04373075152310095
0.42000000000000004,0.2,G2,0.421450712443346
0.42000000000000004,0.2,G3,0.24095512902288557
0.42000000000000004,0.30000000000000004,G1,0.039915049919283276
0.42000000000000004,0.30000000000000004,G2,0.3736665209887229
0.42000000000000004,0.30000000000000004,G3,0.21928305701057893
0.42000000000000004,0.4,G1,0.036819750380765376
0.42000000000000004,0.4,G2,0.33816567500957356
0.42000000000000004,0.4,G3,0.2017315758575774
0.42000000000000004,0.5,G1,0.03430262044140186
0.42000000000000004,0.5,G2,0.3114462973993184
0.42000000000000004,0.5,G3,0.18748672075140055
0.42000000000000004,0.6000000000000001,G1,0.032241450373940585
0.42000000000000004,0.6000000000000001,G2,0.2909743181441059
0.42000000000000004,0.6000000000000001,G3,0.17586385210989203
0.42000000000000004,0.7000000000000001,G1,0.03053606014843426
0.42000000000000004,0.7000000000000001,G2,0.27497712020347903
0.42000000000000004,0.7000000000000001,G3,0.16630757648602704
0.42000000000000004,0.8,G1,0.029112091559576163
0.42000000000000004,0.8,G2,0.2622384888532108
0.42000000000000004,0.8,G3,0.15837364115661665
0.42000000000000004,0.9,G1,0.02791264290076262
0.42000000000000004,0.9,G2,0.2519171397224782
0.42000000000000004,0.9,G3,0.15173146019697076
0.42000000000000004,1.0,G1,0.026889341681522926
0.42000000000000004,1.0,G2,0.24342185079531872
0.42000000000000004,1.0,G3,0.1461176749198308
0.42000000000000004,1.1,G1,0.026011576643625176
0.42000000000000004,1.1,G2,0.23633207549141452
0.42000000000000004,1.1,G3,0.14133032161248485
0.42000000000000004,1.2000000000000002,G1,0.025253205332963588
0.42000000000000004,1.2000000000000002,G2,0.23034283485757184
0.42000000000000004,1.2000000000000002,G3,0.13721421997222025
0.42000000000000004,1.3,G1,0.024591707175077106
0.42000000000000004,1.3,G2,0.22522896673966847
0.42000000000000004,1.3,G3,0.13365446330621347
0.42000000000000004,1.4000000000000001,G1,0.024006717399857984
0.42000000000000004,1.4000000000000001,G2,0.2208206780791213
0.42000000000000004,1.4000000000000001,G3,0.13054923843279492
0.42000000000000004,1.5,G1,0.023493897638814435
0.42000000000000004,1.5,G2,0.21699072788480614
0.42000000000000004,1.5,G3,0.1278263557128144
0.42000000000000004,1.6,G1,0.023037156299602936
0.42000000000000004,1.6,G2,0.2136334303014033
0.42000000000000004,1.6,G3,0.1254257390824594
0.42000000000000004,1.7000000000000002,G1,0.022629434033586554
0.42000000000000004,1.7000000000000002,G2,0.2106785573861208
0.42000000000000004,1.7000000000000002,G3,0.12329796233957631
0.42000000000000004,1.8,G1,0.022263789641006677
0.42000000000000004,1.8,G2,0.20805739329947986
0.42000000000000004,1.8,G3,0.12140289344253508
0.42000000000000004,1.9000000000000001,G1,0.02193452177142151
0.42000000000000004,1.9000000000000001,G2,0.2057210823983181
0.42000000000000004,1.9000000000000001,G3,0.11971084722500952
0.42000000000000004,2.0,G1,0.021637346509362807
0.42000000000000004,2.0,G2,0.20362824364220478
0.42000000000000004,2.0,G3,0.11819253658156613
0.44,0.0,G1,0.05492737199438037
0.44,0.0,G2,0.5810235419195529
0.44,0.0,G3,0.30465137211248794
0.44,0.1,G1,0.04919083317541181
0.44,0.1,G2,0.49415367411398176
0.44,0.1,G3,0.2719079269831303
0.44,0.2,G1,0.04450269187575541
0.44,0.2,G2,0.4296269284859998
0.44,0.2,G3,0.24522794498327324
0.44,0.30000000000000004,G1,0.040693171965541834
0.44,0.30000000000000004,G2,0.3819146318827118
0.44,0.30000000000000004,G3,0.2235956735371431
0.44,0.4,G1,0.03760514506221087
0.44,0.4,G2,0.3464636157867066
0.44,0.4,G3,0.20608108787258994
0.44,0.5,G1,0.03509359987206114
0.44,0.5,G2,0.3197725917921534
0.44,0.5,G3,0.19186819187329568
0.44,0.6000000000000001,G1,0.03303623035077842
0.44,0.6000000000000001,G2,0.29930956736580283
0.44,0.6000000000000001,G3,0.18027070960853733
0.44,0.7000000000000001,G1,0.03133440056098974
0.44,0.7000000000000001,G2,0.2833115811416174
0.44,0.7000000000000001,G3,0.17073239913576221
0.44,0.8,G1,0.029912408695206064
0.44,0.8,G2,0.27056855717955014
0.44,0.8,G3,0.16281192595826666
0.44,0.9,G1,0.0287144017965651
0.44,0.9,G2,0.2602341675263145
0.44,0.9,G3,0.1561781200966523
0.44,1.0,G1,0.027693432293642288
0.44,1.0,G2,0.2517278637962888
0.44,1.0,G3,0.15056918635678654
0.44,1.1,G1,0.026814544240313962
0.44,1.1,G2,0.2446271605311866
0.44,1.1,G3,0.14578615735052736
0.44,1.2000000000000002,G1,0.026054972756478913
0.44,1.2000000000000002,G2,0.2386274540824144
0.44,1.2000000000000002,G3,0.14167331705674793
0.44,1.3,G1,0.02539328161062317
0.44,1.3,G2,0.23350364285120762
0.44,1.3,G3,0.13810983240043156
0.44,1.4000000000000001,G1,0.02481228091796199
0.44,1.4000000000000001,G2,0.2290865537073505
0.44,1.4000000000000001,G3,0.13500649672234266
0.44,1.5,G1,0.02429800642545951
0.44,1.5,G2,0.22524702560834242
0.44,1.5,G3,0.13228231016133848
0.44,1.6,G1,0.02383788036340679
0.44,1.6,G2,0.2218838999287184
0.44,1.6,G3,0.1298831019447747
0.44,1.7000000000000002,G1,0.02343095092703628
0.44,1.7000000000000002,G2,0.2189206780773144
0.44,1.7000000000000002,G3,0.12775326694041095
0.44,1.8,G1,0.023064855927626235
0.44,1.8,G2,0.2162920170990522
0.44,1.8,G3,0.12585790137274847
0.44,1.9000000000000001,G1,0.022735154686296107
0.44,1.9000000000000001,G2,0.21394926684185558
0.44,1.9000000000000001,G3,0.12416331795980066
0.44,2.0,G1,0.02243708881551036
0.44,2.0,G2,0.2118522255994691
0.44,2.0,G3,0.12264266176114182
0.46,0.0,G1,0.05569023878176219
0.46,0.0,G2,0.5890934792635538
0.46,0.0,G3,0.3088825944312857
0.46,0.1,G1,0.04995479551449538
0.46,0.1,G2,0.5022569571968654
0.46,0.1,G3,0.2761538130464613
0.46,0.2,G1,0.045270807387896315
0.46,0.2,G2,0.43779889968457386
0.46,0.2,G3,0.249499747262253
0.46,0.30000000000000004,G1,0.04147102062030998
0.46,0.30000000000000004,G2,0.39015401530873606
0.46,0.30000000000000004,G3,0.22790459756667591
0.46,0.4,G1,0.03838951255581241
0.46,0.4,G2,0.3547505918263751
0.46,0.4,G3,0.21042391657172843
0.46,0.5,G1,0.03588332359771551
0.46,0.5,G2,0.32808422560242456
0.46,0.5,G3,0.19624153938099936
0.46,0.6000000000000001,G1,0.033829954971336
0.46,0.6000000000000001,G2,0.3076296132609952
0.46,0.6000000000000001,G3,0.1846682947187217
0.46,0.7000000000000001,G1,0.03213244398447278
0.46,0.7000000000000001,G2,0.291630003875482
0.46,0.7000000000000001,G3,0.17514646815752788
0.46,0.8,G1,0.030712128979724536
0.46,0.8,G2,0.2788783673414355
0.46,0.8,G3,0.16724198151887718
0.46,0.9,G1,0.029514462070825087
0.46,0.9,G2,0.2685388241264815
0.46,0.9,G3,0.1606129864050214
0.46,1.0,G1,0.028493946621729487
0.46,1.0,G2,0.2600187680128941
0.46,1.0,G3,0.15500905504071108
0.46,1.1,G1,0.027617127249269097
0.46,1.1,G2,0.2529075645572102
0.46,1.1,G3,0.15022841820651975
0.46,1.2000000000000002,G1,0.026856879028160942
0.46,1.2000000000000002,G2,0.24689784122725245
0.46,1.2000000000000002,G3,0.146118112781371
0.46,1.3,G1,0.026193404231706546
0.46,1.3,G2,0.2417648228700878
0.46,1.3,G3,0.14255696123880077
0.46,1.4000000000000001,G1,0.025611212512654902
0.46,1.4000000000000001,G2,0.23733917194451937
0.46,1.4000000000000001,G3,0.13945203670178574
0.46,1.5,G1,0.02509653170670375
0.46,1.5,G2,0.2334916998701912
0.46,1.5,G3,0.136727671656558
0.46,1.6,G1,0.02464044546288499
0.46,1.6,G2,0.23012221361847493
0.46,1.6,G3,0.1343246401496405
0.46,1.7000000000000002,G1,0.02423209556054676
0.46,1.7000000000000002,G2,0.22715228758414732
0.46,1.7000000000000002,G3,0.13219434539160752
0.46,1.8,G1,0.02386251035872339
0.46,1.8,G2,0.22451893625998873
0.46,1.8,G3,0.13029713848691668
0.46,1.9000000000000001,G1,0.023533640530131766
0.46,1.9000000000000001,G2,0.22216959666537134
0.46,1.9000000000000001,G3,0.1286027325798898
0.46,2.0,G1,0.023235146165469376
0.46,2.0,G2,0.22006816344802085
0.46,2.0,G3,0.12708002015607928
0.48000000000000004,0.0,G1,0.056453090807430724
0.48000000000000004,0.0,G2,0.5971636412151836
0.48000000000000004,0.0,G3,0.3131132708093991
0.48000000000000004,0.1,G1,0.050720508617015915
0.48000000000000004,0.1,G2,0.5103569137753872
0.48000000000000004,0.1,G3,0.2803949122747211
0.48000000000000004,0.2,G1,0.04604323008400293
0.48000000000000004,0.2,G2,0.4459666011900936
0.48000000000000004,0.2,G3,0.2537700169308878
0.48000000000000004,0.30000000000000004,G1,0.04224696519659992
0.48000000000000004,0.30000000000000004,G2,0.39838530807664696
0.48000000000000004,0.30000000000000004,G3,0.23220878835389389
0.48000000000000004,0.4,G1,0.03917379781729878
0.48000000000000004,0.4,G2,0.3630277666833896
0.48000000000000004,0.4,G3,0.21476288472181113
0.48000000000000004,0.5,G1,0.036671722640115825
0.48000000000000004,0.5,G2,0.33638383780857534
0.48000000000000004,0.5,G3,0.20061112169876988
0.48000000000000004,0.6000000000000001,G1,0.03462221024173114
0.48000000000000004,0.6000000000000001,G2,0.315934498171293
0.48000000000000004,0.6000000000000001,G3,0.189058585373817
0.48000000000000004,0.7000000000000001,G1,0.03292659330536836
0.48000000000000004,0.7000000000000001,G2,0.2999346659338398
0.48000000000000004,0.7000000000000001,G3,0.1795527499490547
0.48000000000000004,0.8,G1,0.031508023674393565
0.48000000000000004,0.8,G2,0.2871750659172222
0.48000000000000004,0.8,G3,0.1716569616855468
0.48000000000000004,0.9,G1,0.030310744410495156
0.48000000000000004,0.9,G2,0.27682454950030505
0.48000000000000004,0.9,G3,0.16503712354222166
0.48000000000000004,1.0,G1,0.029291137628475006
0.48000000000000004,1.0,G2,0.26829926006006355
0.48000000000000004,1.0,G3,0.15943767252012417
0.48000000000000004,1.1,G1,0.02841564700624937
0.48000000000000004,1.1,G2,0.26117482711524015
0.48000000000000004,1.1,G3,0.1546598119660348
0.48000000000000004,1.2000000000000002,G1,0.027656073885214377
0.48000000000000004,1.2000000000000002,G2,0.25515562644605405
0.48000000000000004,1.2000000000000002,G3,0.15055032208179028
0.48000000000000004,1.3,G1,0.026993068661039312
0.48000000000000004,1.3,G2,0.25001369937486934
0.48000000000000004,1.3,G3,0.14699058440063573
0.48000000000000004,1.4000000000000001,G1,0.026408927720222873
0.48000000000000004,1.4000000000000001,G2,0.24557997700151837
0.48000000000000004,1.4000000000000001,G3,0.1438852937147605
0.48000000000000004,1.5,G1,0.025895728036278282
0.48000000000000004,1.5,G2,0.24172513765449888
0.48000000000000004,1.5,G3,0.14116076534781474
0.48000000000000004,1.6,G1,0.025436745583903814
0.48000000000000004,1.6,G2,0.23834892183842166
0.48000000000000004,1.6,G3,0.1387572877247325
0.48000000000000004,1.7000000000000002,G1,0.025027777589794603
0.48000000000000004,1.7000000000000002,G2,0.23537253657003263
0.48000000000000004,1.7000000000000002,G3,0.13662608724479716
0.48000000000000004,1.8,G1,0.024662331882290483
0.48000000000000004,1.8,G2,0.23273327804785537
0.48000000000000004,1.8,G3,0.13472819909824488
0.48000000000000004,1.9000000000000001,G1,0.024331951196425037
0.48000000000000004,1.9000000000000001,G2,0.23038067142477486
0.48000000000000004,1.9000000000000001,G3,0.13303009007708097
0.48000000000000004,2.0,G1,0.024029913239871938
0.48000000000000004,2.0,G2,0.22827411970214176
0.48000000000000004,2.0,G3,0.13150524054792148
0.5,0.0,G1,0.05721577609858075
0.5,0.0,G2,0.6052327238174676
0.5,0.0,G3,0.3173446503200427
0.5,0.1,G1,0.05148408303027394
0.5,0.1,G2,0.5184582128216467
0.5,0.1,G3,0.28463743870963365
0.5,0.2,G1,0.04681234482726036
0.5,0.2,G2,0.4541315668277632
0.5,0.2,G3,0.2580421805955991
0.5,0.30000000000000004,G1,0.043023801212023136
0.5,0.30000000000000004,G2,0.4066116638694252
0.5,0.30000000000000004,G3,0.23651096321141793
0.5,0.4,G1,0.03995599276501182
0.5,0.4,G2,0.3712914490168763
0.5,0.4,G3,0.2190978198067872
0.5,0.5,G1,0.037458900897269366
0.5,0.5,G2,0.3446691752704733
0.5,0.5,G3,0.20497227036577534
0.5,0.6000000000000001,G1,0.03541272851139903
0.5,0.6000000000000001,G2,0.3242282493390627
0.5,0.6000000000000001,G3,0.19344178768329492
0.5,0.7000000000000001,G1,0.033719478143372075
0.5,0.7000000000000001,G2,0.30822504222036234
0.5,0.7000000000000001,G3,0.18394882506425692
0.5,0.8,G1,0.03230427773242575
0.5,0.8,G2,0.2954593056468134
0.5,0.8,G3,0.1760638181214962
0.5,0.9,G1,0.031107470961460944
0.5,0.9,G2,0.28509903692714195
0.5,0.9,G3,0.16945404406480052
0.5,1.0,G1,0.030087498529481213
0.5,1.0,G2,0.2765624877403567
0.5,1.0,G3,0.16385632858223573
0.5,1.1,G1,0.02921125008794735
0.5,1.1,G2,0.26943331096689227
0.5,1.1,G3,0.15908065125462814
0.5,1.2000000000000002,G1,0.028452712292895223
0.5,1.2000000000000002,G2,0.26340205661771326
0.5,1.2000000000000002,G3,0.1549724906488529
0.5,1.3,G1,0.027789086687466377
0.5,1.3,G2,0.2582516039357171
0.5,1.3,G3,0.1514125755734622
0.5,1.4000000000000001,G1,0.027207567494749212
0.5,1.4000000000000001,G2,0.2538101660416783
0.5,1.4000000000000001,G3,0.1483079775048182
0.5,1.5,G1,0.026692018663084533
0.5,1.5,G2,0.24994829584724867
0.5,1.5,G3,0.145582952905052
0.5,1.6,G1,0.026232254485569383
0.5,1.6,G2,0.24656570292294627
0.5,1.6,G3,0.14317855849816577
0.5,1.7000000000000002,G1,0.025824043440073587
0.5,1.7000000000000002,G2,0.24358359590816492
0.5,1.7000000000000002,G3,0.14104654898306268
0.5,1.8,G1,0.025456021241408142
0.5,1.8,G2,0.2409391047687149
0.5,1.8,G3,0.13914756211572218
0.5,1.9000000000000001,G1,0.025125101130199393
0.5,1.9000000000000001,G2,0.23858172983973983
0.5,1.9000000000000001,G3,0.1374498632660401
0.5,2.0,G1,0.024827295221559503
0.5,2.0,G2,0.23647036398956853
0.5,2.0,G3,0.13592308759810284
0.52,0.0,G1,0.057978609522687914
0.52,0.0,G2,0.6133023229500862
0.52,0.0,G3,0.32157610125282315
0.52,0.1,G1,0.05225181546020857
0.52,0.1,G2,0.5265565680333545
0.52,0.1,G3,0.2888802277910922
0.52,0.2,G1,0.047582143081706975
0.52,0.2,G2,0.46228905580909935
0.52,0.2,G3,0.26230992449494045
0.52,0.30000000000000004,G1,0.043801048936954856
0.52,0.30000000000000004,G2,0.41482586119035414
0.52,0.30000000000000004,G3,0.240810202658019
0.52,0.4,G1,0.04073724576001021
0.52,0.4,G2,0.3795468945931197
0.52,0.4,G3,0.2234289144198685
0.52,0.5,G1,0.03824499810544452
0.52,0.5,G2,0.35294372708887056
0.52,0.5,G3,0.2093283807507145
0.52,0.6000000000000001,G1,0.036202110929226865
0.52,0.6000000000000001,G2,0.332510376013759
0.52,0.6000000000000001,G3,0.19781580627915565
0.52,0.7000000000000001,G1,0.03451125666265553
0.52,0.7000000000000001,G2,0.31650250303353583
0.52,0.7000000000000001,G3,0.18833807831352375
0.52,0.8,G1,0.033097019294237404
0.52,0.8,G2,0.3037309393234799
0.52,0.8,G3,0.18046369915650703
0.52,0.9,G1,0.03190353515163084
0.52,0.9,G2,0.29336275170749443
0.52,0.9,G3,0.1738577783502604
0.52,1.0,G1,0.030882661220699464
0.52,1.0,G2,0.2848159938210607
0.52,1.0,G3,0.16826811200274247
0.52,1.1,G1,0.030006048955229663
0.52,1.1,G2,0.2776763409292567
0.52,1.1,G3,0.16349220695202668
0.52,1.2000000000000002,G1,0.02924648298533615
0.52,1.2000000000000002,G2,0.2716408215070691
0.52,1.2000000000000002,G3,0.15938486839908192
0.52,1.3,G1,0.028584222544319693
0.52,1.3,G2,0.26648279159655675
0.52,1.3,G3,0.1558253426469116
0.52,1.4000000000000001,G1,0.02799984915788861
0.52,1.4000000000000001,G2,0.26203080976705906
0.52,1.4000000000000001,G3,0.15271996924765638
0.52,1.5,G1,0.027484516828426304
0.52,1.5,G2,0.2581622643436798
0.52,1.5,G3,0.14999453267668947
0.52,1.6,G1,0.027025411380223005
0.52,1.6,G2,0.2547736619444309
0.52,1.6,G3,0.14759006542752032
0.52,1.7000000000000002,G1,0.02661807949520375
0.52,1.7000000000000002,G2,0.2517860410439127
0.52,1.7000000000000002,G3,0.14545710780155593
0.52,1.8,G1,0.026249225589807926
0.52,1.8,G2,0.24913658131056568
0.52,1.8,G3,0.1435568866449029
0.52,1.9000000000000001,G1,0.0259197014229513
0.52,1.9000000000000001,G2,0.24677469867107465
0.52,1.9000000000000001,G3,0.1418569480219529
0.52,2.0,G1,0.0256182740239701
0.52,2.0,G2,0.24465927160507187
0.52,2.0,G3,0.1403307347485255
0.54,0.0,G1,0.058741438694808676
0.54,0.0,G2,0.6213719117278701
0.54,0.0,G3,0.32580789615876643
0.54,0.1,G1,0.0530171720189906
0.54,0.1,G2,0.534653026814699
0.54,0.1,G3,0.293121502744401
0.54,0.2,G1,0.04835158448912015
0.54,0.2,G2,0.47044626067575696
0.54,0.2,G3,0.26657427237258985
0.54,0.30000000000000004,G1,0.04457718377811099
0.54,0.30000000000000004,G2,0.4230369007374154
0.54,0.30000000000000004,G3,0.2451060303957572
0.54,0.4,G1,0.04151789469184839
0.54,0.4,G2,0.3877934278236885
0.54,0.4,G3,0.22775465962925764
0.54,0.5,G1,0.03903103664480282
0.54,0.5,G2,0.3612097961226827
0.54,0.5,G3,0.21367856235346436
0.54,0.6000000000000001,G1,0.03699024175936254
0.54,0.6000000000000001,G2,0.3407793275128839
0.54,0.6000000000000001,G3,0.20218402869238455
0.54,0.7000000000000001,G1,0.03530135287932546
0.54,0.7000000000000001,G2,0.3247705267273801
0.54,0.7000000000000001,G3,0.19272081604476227
0.54,0.8,G1,0.033888697623770385
0.54,0.8,G2,0.31199120797385893
0.54,0.8,G3,0.18485403068603581
0.54,0.9,G1,0.032693595842177396
0.54,0.9,G2,0.3016151238809659
0.54,0.9,G3,0.17825420881544318
0.54,1.0,G1,0.03167796578551424
0.54,1.0,G2,0.2930602867724811
0.54,1.0,G3,0.17266689540939484
0.54,1.1,G1,0.03079964658561787
0.54,1.1,G2,0.28591082765496234
0.54,1.1,G3,0.16789744802462592
0.54,1.2000000000000002,G1,0.03003973407222813
0.54,1.2000000000000002,G2,0.2798660768279307
0.54,1.2000000000000002,G3,0.16378853280657046
0.54,1.3,G1,0.029377405217326003
0.54,1.3,G2,0.27470118906602525
0.54,1.3,G3,0.16022910282981453
0.54,1.4000000000000001,G1,0.02879347103933177
0.54,1.4000000000000001,G2,0.27024569363693707
0.54,1.4000000000000001,G3,0.15712349642869108
0.54,1.5,G1,0.02827782278473203
0.54,1.5,G2,0.2663710445513456
0.54,1.5,G3,0.15439756339614047
0.54,1.6,G1,0.0278197735584717
0.54,1.6,G2,0.2629735177245745
0.54,1.6,G3,0.1519917850647844
0.54,1.7000000000000002,G1,0.027410699007307818
0.54,1.7000000000000002,G2,0.2599807170443672
0.54,1.7000000000000002,G3,0.14985800768485608
0.54,1.8,G1,0.02704152897003711
0.54,1.8,G2,0.2573265791176947
0.54,1.8,G3,0.147957384384381
0.54,1.9000000000000001,G1,0.02671118488433944
0.54,1.9000000000000001,G2,0.2549604501802351
0.54,1.9000000000000001,G3,0.14625637368637687
0.54,2.0,G1,0.026408325420420497
0.54,2.0,G2,0.2528411248944307
0.54,2.0,G3,0.14472857851501006
0.56,0.0,G1,0.059504263843778556
0.56,0.0,G2,0.6294414894728012
0.56,0.0,G3,0.33003917560124546
0.56,0.1,G1,0.05378079005369888
0.56,0.1,G2,0.5427533703916375
0.56,0.1,G3,0.2973625055694031
0.56,0.2,G1,0.049122995590633
0.56,0.2,G2,0.4785993841317515
0.56,0.2,G3,0.27083901851207154
0.56,0.30000000000000004,G1,0.04535275216102971
0.56,0.30000000000000004,G2,0.4312413083412513
0.56,0.30000000000000004,G3,0.249400048199687
0.56,0.4,G1,0.042297087702363866
0.56,0.4,G2,0.3960316772813987
0.56,0.4,G3,0.23207547239965218
0.56,0.5,G1,0.03981481036621312
0.56,0.5,G2,0.3694641010686561
0.56,0.5,G3,0.218021530031308
0.56,0.6000000000000001,G1,0.03777723920646874
0.56,0.6000000000000001,G2,0.349038354844556
0.56,0.6000000000000001,G3,0.2065460826793014
0.56,0.7000000000000001,G1,0.0360903763555793
0.56,0.7000000000000001,G2,0.33302875113145247
0.56,0.7000000000000001,G3,0.19709414399005032
0.56,0.8,G1,0.03467913498489676
0.56,0.8,G2,0.3202420153955526
0.56,0.8,G3,0.18923719440470338
0.56,0.9,G1,0.03348610006574518
0.56,0.9,G2,0.3098570505821097
0.56,0.9,G3,0.18264285008880068
0.56,1.0,G1,0.032469051006869906
0.56,1.0,G2,0.30129437939067105
0.56,1.0,G3,0.17705886438156868
0.56,1.1,G1,0.03159161061531499
0.56,1.1,G2,0.29413733429629824
0.56,1.1,G3,0.17229012307886138
0.56,1.2000000000000002,G1,0.03083193786861439
0.56,1.2000000000000002,G2,0.2880832457125919
0.56,1.2000000000000002,G3,0.168186562454135
0.56,1.3,G1,0.030167932584095277
0.56,1.3,G2,0.28290996400810325
0.56,1.3,G3,0.16462459945543295
0.56,1.4000000000000001,G1,0.02958464224937685
0.56,1.4000000000000001,G2,0.27844832728960844
0.56,1.4000000000000001,G3,0.1615187992749329
0.56,1.5,G1,0.029068608129684537
0.56,1.5,G2,0.2745671742289754
0.56,1.5,G3,0.1587922002028984
0.56,1.6,G1,0.028610319871562512
0.56,1.6,G2,0.2711689424842767
0.56,1.6,G3,0.15638571394574025
0.56,1.7000000000000002,G1,0.02820130240223447
0.56,1.7000000000000002,G2,0.2681713398480606
0.56,1.7000000000000002,G3,0.15425107402321636
0.56,1.8,G1,0.027832301381228955
0.56,1.8,G2,0.26551283661718655
0.56,1.8,G3,0.15234896501713538
0.56,1.9000000000000001,G1,0.02750022886525883
0.56,1.9000000000000001,G2,0.2631394095757725
0.56,1.9000000000000001,G3,0.15064697201609475
0.56,2.0,G1,0.027200590722163357
0.56,2.0,G2,0.2610165638033361
0.56,2.0,G3,0.14911863322810476
0.5800000000000001,0.0,G1,0.06026708525851498
0.5800000000000001,0.0,G2,0.6375110571743134
0.5800000000000001,0.0,G3,0.33427044455922905
0.5800000000000001,0.1,G1,0.054545343615639896
0.5800000000000001,0.1,G2,0.5508490716412405
0.5800000000000001,0.1,G3,0.30160375069501527
0.5800000000000001,0.2,G1,0.0498909315809745
0.5800000000000001,0.2,G2,0.48674918908781917
0.5800000000000001,0.2,G3,0.2751059906430108
0.5800000000000001,0.30000000000000004,G1,0.04612606610382265
0.5800000000000001,0.30000000000000004,G2,0.43944060167040827
0.5800000000000001,0.30000000000000004,G3,0.25369169352659965
0.5800000000000001,0.4,G1,0.04307891703150632
0.5800000000000001,0.4,G2,0.404264777243063
0.5800000000000001,0.4,G3,0.23639363042106654
0.5800000000000001,0.5,G1,0.04059758993835563
0.5800000000000001,0.5,G2,0.37770952593694
0.5800000000000001,0.5,G3,0.22236011549937232
0.5800000000000001,0.6000000000000001,G1,0.038564530625191204
0.5800000000000001,0.6000000000000001,G2,0.35728802505216495
0.5800000000000001,0.6000000000000001,G3,0.21090220445392907
0.5800000000000001,0.7000000000000001,G1,0.036878199377380835
0.5800000000000001,0.7000000000000001,G2,0.3412754057061607
0.5800000000000001,0.7000000000000001,G3,0.20146321312928603
0.5800000000000001,0.8,G1,0.035467989906389746
0.5800000000000001,0.8,G2,0.3284829501309946
0.5800000000000001,0.8,G3,0.1936147011885181
0.5800000000000001,0.9,G1,0.03427604457118152
0.5800000000000001,0.9,G2,0.3180903814161264
0.5800000000000001,0.9,G3,0.18702466747501376
0.5800000000000001,1.0,G1,0.03325864612157613
0.5800000000000001,1.0,G2,0.30951947876573865
0.5800000000000001,1.0,G3,0.18144434261891612
0.5800000000000001,1.1,G1,0.03238169544345777
0.5800000000000001,1.1,G2,0.3023548620004143
0.5800000000000001,1.1,G3,0.17667645941331664
0.5800000000000001,1.2000000000000002,G1,0.031622401296183475
0.5800000000000001,1.2000000000000002,G2,0.29629443161152436
0.5800000000000001,1.2000000000000002,G3,0.17257263183023444
0.5800000000000001,1.3,G1,0.03095890593457399
0.5800000000000001,1.3,G2,0.2911140524062794
0.5800000000000001,1.3,G3,0.16901521209936265
0.5800000000000001,1.4000000000000001,G1,0.030374516452961676
0.5800000000000001,1.4000000000000001,G2,0.28664523560097704
0.5800000000000001,1.4000000000000001,G3,0.1659094956076413
0.5800000000000001,1.5,G1,0.02985831369090105
0.5800000000000001,1.5,G2,0.28275886484625296
0.5800000000000001,1.5,G3,0.1631793796224275
0.5800000000000001,1.6,G1,0.029400119718125593
0.5800000000000001,1.6,G2,0.2793535993264007
0.5800000000000001,1.6,G3,0.16077202367376456
0.5800000000000001,1.7000000000000002,G1,0.028988883115377964
0.5800000000000001,1.7000000000000002,G2,0.276350965202916
0.5800000000000001,1.7000000000000002,G3,0.15863644143543995
0.5800000000000001,1.8,G1,0.02862093170022051
0.5800000000000001,1.8,G2,0.27368789726215753
0.5800000000000001,1.8,G3,0.15673341177575814
0.5800000000000001,1.9000000000000001,G1,0.028289861185658703
0.5800000000000001,1.9000000000000001,G2,0.27131542529465225
0.5800000000000001,1.9000000000000001,G3,0.15503043289467433
0.5800000000000001,2.0,G1,0.027988981502953553
0.5800000000000001,2.0,G2,0.2691890215949657
0.5800000000000001,2.0,G3,0.15350059291741042
0.6,0.0,G1,0.06102991508345664
0.6,0.0,G2,0.6455806194792724
0.6,0.0,G3,0.33849966642108453
0.6,0.1,G1,0.05531008206987486
0.6,0.1,G2,0.5589440884358851
0.6,0.1,G3,0.3058446009963713
0.6,0.2,G1,0.05066078614141911
0.6,0.2,G2,0.49489598096011356
0.6,0.2,G3,0.27936724239773786
0.6,0.30000000000000004,G1,0.04689901420379167
0.6,0.30000000000000004,G2,0.4476345330498773
0.6,0.30000000000000004,G3,0.2579844524722655
0.6,0.4,G1,0.04385637760207565
0.6,0.4,G2,0.41248568888362913
0.6,0.4,G3,0.24070824451379558
0.6,0.5,G1,0.04137996712653722
0.6,0.5,G2,0.3859473081763
0.6,0.5,G3,0.22669776884922654
0.6,0.6000000000000001,G1,0.03934892781633373
0.6,0.6000000000000001,G2,0.36552977958688787
0.6,0.6000000000000001,G3,0.2152544117356447
0.6,0.7000000000000001,G1,0.03766492678932486
0.6,0.7000000000000001,G2,0.3495126440175175
0.6,0.7000000000000001,G3,0.20582491535693262
0.6,0.8,G1,0.03625588843279504
0.6,0.8,G2,0.33671659895947265
0.6,0.8,G3,0.19798342916652167
0.6,0.9,G1,0.03506446457830609
0.6,0.9,G2,0.3263158644249214
0.6,0.9,G3,0.19139855778691744
0.6,1.0,G1,0.0340477478319773
0.6,1.0,G2,0.31773629062639397
0.6,1.0,G3,0.18582197654910107
0.6,1.1,G1,0.03317239006280383
0.6,1.1,G2,0.310563341652829
0.6,1.1,G3,0.18105567270913195
0.6,1.2000000000000002,G1,0.03241313680422102
0.6,1.2000000000000002,G2,0.30449704799468197
0.6,1.2000000000000002,G3,0.1769528155457861
0.6,1.3,G1,0.03174747575271449
0.6,1.3,G2,0.29931048894562773
0.6,1.3,G3,0.17339457429573202
0.6,1.4000000000000001,G1,0.031164344106740686
0.6,1.4000000000000001,G2,0.29483576519187815
0.6,1.4000000000000001,G3,0.17028943172733804
0.6,1.5,G1,0.030648170242661917
0.6,1.5,G2,0.2909434461431406
0.6,1.5,G3,0.16756215691859108
0.6,1.6,G1,0.030187343664666966
0.6,1.6,G2,0.28753260629076866
0.6,1.6,G3,0.16515441107189935
0.6,1.7000000000000002,G1,0.029776747041360928
0.6,1.7000000000000002,G2,0.2845268155133227
0.6,1.7000000000000002,G3,0.16301489367416494
0.6,1.8,G1,0.02940901663127694
0.6,1.8,G2,0.2818598444810707
0.6,1.8,G3,0.16111089419613928
0.6,1.9000000000000001,G1,0.029075716283429656
0.6,1.9000000000000001,G2,0.2794819177034564
0.6,1.9000000000000001,G3,0.159406855235427
0.6,2.0,G1,0.02877518596426714
0.6,2.0,G2,0.2773519746130175
0.6,2.0,G3,0.15787601972536228
0.62,0.0,G1,0.061792782118119664
0.62,0.0,G2,0.6536501846210212
0.62,0.0,G3,0.3427326537146772
0.62,0.1,G1,0.05607475531781732
0.62,0.1,G2,0.5670380774755294
0.62,0.1,G3,0.3100850605276573
0.62,0.2,G1,0.05142816118013154
0.62,0.2,G2,0.5030407040754022
0.62,0.2,G3,0.2836295347930017
0.62,0.30000000000000004,G1,0.047672537859274486
0.62,0.30000000000000004,G2,0.455825035186945
0.62,0.30000000000000004,G3,0.2622720412646751
0.62,0.4,G1,0.04463500685152858
0.62,0.4,G2,0.42070577623848765
0.62,0.4,G3,0.2450187831597306
0.62,0.5,G1,0.042163076503210474
0.62,0.5,G2,0.39417739662429496
0.62,0.5,G3,0.2310283034874976
0.62,0.6000000000000001,G1,0.0401328203384459
0.62,0.6000000000000001,G2,0.3737627706448782
0.62,0.6000000000000001,G3,0.21959882551506615
0.62,0.7000000000000001,G1,0.038450656707653165
0.62,0.7000000000000001,G2,0.3577432585508746
0.62,0.7000000000000001,G3,0.2101795605046848
0.62,0.8,G1,0.03704267645623364
0.62,0.8,G2,0.3449400724328812
0.62,0.8,G3,0.2023471473166433
0.62,0.9,G1,0.03585193854507736
0.62,0.9,G2,0.33453456270179105
0.62,0.9,G3,0.19576768768058567
0.62,1.0,G1,0.034835652578547115
0.62,1.0,G2,0.32594671152581806
0.62,1.0,G3,0.19019434584049993
0.62,1.1,G1,0.033960286382982076
0.62,1.1,G2,0.3187668974969436
0.62,1.1,G3,0.18542970419584828
0.62,1.2000000000000002,G1,0.033200782509871796
0.62,1.2000000000000002,G2,0.3126931298181415
0.62,1.2000000000000002,G3,0.18132762376538072
0.62,1.3,G1,0.03253634650024121
0.62,1.3,G2,0.30749999624086627
0.62,1.3,G3,0.177768445095116
0.62,1.4000000000000001,G1,0.031953786556203664
0.62,1.4000000000000001,G2,0.3030197719766447
0.62,1.4000000000000001,G3,0.17466219688399393
0.62,1.5,G1,0.03143519082672934
0.62,1.5,G2,0.29912262460520983
0.62,1.5,G3,0.1719339171175585
0.62,1.6,G1,0.030975237795755537
0.62,1.6,G2,0.29570800676600295
0.62,1.6,G3,0.1695265650931406
0.62,1.7000000000000002,G1,0.030564829132056156
0.62,1.7000000000000002,G2,0.2926959992145608
0.62,1.7000000000000002,G3,0.16738960000235886
0.62,1.8,G1,0.03019457401326558
0.62,1.8,G2,0.2900254767988093
0.62,1.8,G3,0.16548489908347017
0.62,1.9000000000000001,G1,0.029862006585478332
0.62,1.9000000000000001,G2,0.2876434179648478
0.62,1.9000000000000001,G3,0.16377679384196125
0.62,2.0,G1,0.02956110148405956
0.62,2.0,G2,0.2855116026393462
0.62,2.0,G3,0.16224514667818268
0.64,0.0,G1,0.06255680616736611
0.64,0.0,G2,0.661719896959544
0.64,0.0,G3,0.34696445046848245
0.64,0.1,G1,0.05683935609483954
0.64,0.1,G2,0.5751323137030222
0.64,0.1,G3,0.31432357908604697
0.64,0.2,G1,0.05219967727454345
0.64,0.2,G2,0.5111811439712489
0.64,0.2,G3,0.2878903562300002
0.64,0.30000000000000004,G1,0.04844553379057415
0.64,0.30000000000000004,G2,0.4640065277350184
0.64,0.30000000000000004,G3,0.26655567752443143
0.64,0.4,G1,0.04541302916788989
0.64,0.4,G2,0.42891352265549815
0.64,0.4,G3,0.24932706424772072
0.64,0.5,G1,0.04294350905536763
0.64,0.5,G2,0.4024028359941491
0.64,0.5,G3,0.23535555514005257
0.64,0.6000000000000001,G1,0.04091564827478591
0.64,0.6000000000000001,G2,0.38198840707932646
0.64,0.6000000000000001,G3,0.22394049717067502
0.64,0.7000000000000001,G1,0.0392362625415533
0.64,0.7000000000000001,G2,0.36596649653232727
0.64,0.7000000000000001,G3,0.2145310433262295
0.64,0.8,G1,0.03782846269090348
0.64,0.8,G2,0.3531566432608152
0.64,0.8,G3,0.20670523521041254
0.64,0.9,G1,0.036638335262686235
0.64,0.9,G2,0.34274454543773963
0.64,0.9,G3,0.20013063200859776
0.64,1.0,G1,0.03562215678734629
0.64,1.0,G2,0.33415110823755545
0.64,1.0,G3,0.19455744453470689
0.64,1.1,G1,0.03474723718499065
0.64,1.1,G2,0.32696320787765604
0.64,1.1,G3,0.18979766446624635
0.64,1.2000000000000002,G1,0.033987553864880955
0.64,1.2000000000000002,G2,0.3208827650100591
0.64,1.2000000000000002,G3,0.18569484526171884
0.64,1.3,G1,0.0333234484601857
0.64,1.3,G2,0.3156825299768565
0.64,1.3,G3,0.18213589668906932
0.64,1.4000000000000001,G1,0.03273775023919261
0.64,1.4000000000000001,G2,0.3111976728549853
0.64,1.4000000000000001,G3,0.17902979666894503
0.64,1.5,G1,0.03222299322493055
0.64,1.5,G2,0.3072958328838247
0.64,1.5,G3,0.17630076468812972
0.64,1.6,G1,0.03176088756101592
0.64,1.6,G2,0.30387689721187583
0.64,1.6,G3,0.17389192991679875
0.64,1.7000000000000002,G1,0.031350521355857565
0.64,1.7000000000000002,G2,0.3008618075153026
0.64,1.7000000000000002,G3,0.17175379119224504
0.64,1.8,G1,0.03098089117544522
0.64,1.8,G2,0.2981874605928692
0.64,1.8,G3,0.16984932648926895
0.64,1.9000000000000001,G1,0.030648670100245683
0.64,1.9000000000000001,G2,0.29580298328276355
0.64,1.9000000000000001,G3,0.16814367103464178
0.64,2.0,G1,0.030346007422082245
0.64,2.0,G2,0.2936669509688839
0.64,2.0,G3,0.16661104699078538
0.66,0.0,G1,0.06331958027583753
0.66,0.0,G2,0.6697899901842093
0.66,0.0,G3,0.3511950752606306
0.66,0.1,G1,0.05760372689149459
0.66,0.1,G2,0.5832256094720307
0.66,0.1,G3,0.3185655092790684
0.66,0.2,G1,0.05296528191554134
0.66,0.2,G2,0.5193213773629458
0.66,0.2,G3,0.292150345039269
0.66,0.30000000000000004,G1,0.049220381019722516
0.66,0.30000000000000004,G2,0.4721870988559386
0.66,0.30000000000000004,G3,0.2708388802802176
0.66,0.4,G1,0.046188859242797586
0.66,0.4,G2,0.4371189359563984
0.66,0.4,G3,0.2536358061213755
0.66,0.5,G1,0.04372134894899262
0.66,0.5,G2,0.41061663600431947
0.66,0.5,G3,0.23967897896745194
0.66,0.6000000000000001,G1,0.041697843906576694
0.66,0.6000000000000001,G2,0.3902070157931646
0.66,0.6000000000000001,G3,0.22827744190254895
0.66,0.7000000000000001,G1,0.04001996034194883
0.66,0.7000000000000001,G2,0.37418191487369473
0.66,0.7000000000000001,G3,0.2188785738093248
0.66,0.8,G1,0.038614618413244435
0.66,0.8,G2,0.3613676744177163
0.66,0.8,G3,0.21105784818999176
0.66,0.9,G1,0.03742373115925732
0.66,0.9,G2,0.35094768131433923
0.66,0.9,G3,0.20448800718927754
0.66,1.0,G1,0.0364078749087088
0.66,1.0,G2,0.34234742329787854
0.66,1.0,G3,0.1989189225707314
0.66,1.1,G1,0.03553285338237962
0.66,1.1,G2,0.3351545591218355
0.66,1.1,G3,0.19415686491765896
0.66,1.2000000000000002,G1,0.034773459461664255
0.66,1.2000000000000002,G2,0.3290662281826594
0.66,1.2000000000000002,G3,0.19005815408458948
0.66,1.3,G1,0.034109270329609774
0.66,1.3,G2,0.32386175283651025
0.66,1.3,G3,0.18649751024801559
0.66,1.4000000000000001,G1,0.033524812323980656
0.66,1.4000000000000001,G2,0.319370832286033
0.66,1.4000000000000001,G3,0.18339189833645564
0.66,1.5,G1,0.0330076205861357
0.66,1.5,G2,0.3154629872425292
0.66,1.5,G3,0.1806638372056159
0.66,1.6,G1,0.032546991403506746
0.66,1.6,G2,0.3120412156160853
0.66,1.6,G3,0.1782526321086259
0.66,1.7000000000000002,G1,0.03213679550399861
0.66,1.7000000000000002,G2,0.3090215140040297
0.66,1.7000000000000002,G3,0.1761141605057026
0.66,1.8,G1,0.03176506389415084
0.66,1.8,G2,0.30634413044078695
0.66,1.8,G3,0.17420751505447654
0.66,1.9000000000000001,G1,0.031432606444824755
0.66,1.9000000000000001,G2,0.3039566098189248
0.66,1.9000000000000001,G3,0.17250069383118383
0.66,2.0,G1,0.031131056235364937
0.66,2.0,G2,0.30181785449381937
0.66,2.0,G3,0.17096809071005306
0.68,0.0,G1,0.06408235614596669
0.68,0.0,G2,0.6778600826785619
0.68,0.0,G3,0.3554261474457789
0.68,0.1,G1,0.05836821827356312
0.68,0.1,G2,0.5913184368965764
0.68,0.1,G3,0.3228051877144797
0.68,0.2,G1,0.05373553551245572
0.68,0.2,G2,0.5274571554823304
0.68,0.2,G3,0.2964111301091727
0.68,0.30000000000000004,G1,0.049991776246304576
0.68,0.30000000000000004,G2,0.4803625826146956
0.68,0.30000000000000004,G3,0.27512367781506725
0.68,0.4,G1,0.0469641169614232
0.68,0.4,G2,0.4453188303499077
0.68,0.4,G3,0.25793852011688306
0.68,0.5,G1,0.044502281849746354
0.68,0.5,G2,0.4188300356928366
0.68,0.5,G3,0.2439979266830148
0.68,0.6000000000000001,G1,0.042479229538514705
0.68,0.6000000000000001,G2,0.3984190573813117
0.68,0.6000000000000001,G3,0.23261025226699572
0.68,0.7000000000000001,G1,0.04080262787859492
0.68,0.7000000000000001,G2,0.38239100435420326
0.68,0.7000000000000001,G3,0.22321885989862034
0.68,0.8,G1,0.0393980374557768
0.68,0.8,G2,0.36957137811782437
0.68,0.8,G3,0.2154066151258526
0.68,0.9,G1,0.03820824069710631
0.68,0.9,G2,0.35914380469655854
0.68,0.9,G3,0.20884024063329928
0.68,1.0,G1,0.03719263076835676
0.68,1.0,G2,0.35053835061337146
0.68,1.0,G3,0.20327321048110344
0.68,1.1,G1,0.03631773131343147
0.68,1.1,G2,0.34333562786923044
0.68,1.1,G3,0.19851406017026718
0.68,1.2000000000000002,G1,0.03555810299203594
0.68,1.2000000000000002,G2,0.3372457054958985
0.68,1.2000000000000002,G3,0.1944125644595534
0.68,1.3,G1,0.03489409989371676
0.68,1.3,G2,0.3320360838729115
0.68,1.3,G3,0.19085411730600615
0.68,1.4000000000000001,G1,0.03430950995401943
0.68,1.4000000000000001,G2,0.3275388331317445
0.68,1.4000000000000001,G3,0.18774902309188113
0.68,1.5,G1,0.03379202554865357
0.68,1.5,G2,0.3236276140427576
0.68,1.5,G3,0.18501919092197397
0.68,1.6,G1,0.03333153164982468
0.68,1.6,G2,0.3202005701725325
0.68,1.6,G3,0.18260731002898897
0.68,1.7000000000000002,G1,0.032920557410324645
0.68,1.7000000000000002,G2,0.31717726890942693
0.68,1.7000000000000002,G3,0.18046933397266443
0.68,1.8,G1,0.032549750334617544
0.68,1.8,G2,0.31449544496767284
0.68,1.8,G3,0.1785614228041129
0.68,1.9000000000000001,G1,0.032217451810125794
0.68,1.9000000000000001,G2,0.3121068571980559
0.68,1.9000000000000001,G3,0.17685364631609463
0.68,2.0,G1,0.03191597519866027
0.68,2.0,G2,0.30996448176192426
0.68,2.0,G3,0.1753195194974177
0.7000000000000001,0.0,G1,0.06484513655536557
0.7000000000000001,0.0,G2,0.6859301667064356
0.7000000000000001,0.0,G3,0.35965752706395365
0.7000000000000001,0.1,G1,0.05913265985130853
0.7000000000000001,0.1,G2,0.5994108571285708
0.7000000000000001,0.1,G3,0.32704481393979196
0.7000000000000001,0.2,G1,0.054503441387814655
0.7000000000000001,0.2,G2,0.5355899265704672
0.7000000000000001,0.2,G3,0.3006686635173465
0.7000000000000001,0.30000000000000004,G1,0.050764556688037005
0.7000000000000001,0.30000000000000004,G2,0.4885340450181471
0.7000000000000001,0.30000000000000004,G3,0.2794021181429758
0.7000000000000001,0.4,G1,0.04773989940003963
0.7000000000000001,0.4,G2,0.4535150766759671
0.7000000000000001,0.4,G3,0.26223894645988644
0.7000000000000001,0.5,G1,0.04528163896792195
0.7000000000000001,0.5,G2,0.4270320455144074
0.7000000000000001,0.5,G3,0.24831441590184494
0.7000000000000001,0.6000000000000001,G1,0.04325985434767428
0.7000000000000001,0.6000000000000001,G2,0.40662502063703215
0.7000000000000001,0.6000000000000001,G3,0.23693913937631017
0.7000000000000001,0.7000000000000001,G1,0.04158468343401954
0.7000000000000001,0.7000000000000001,G2,0.3905939520953242
0.7000000000000001,0.7000000000000001,G3,0.22755925186841755
0.7000000000000001,0.8,G1,0.04018103413480945
0.7000000000000001,0.8,G2,0.37776830129113453
0.7000000000000001,0.8,G3,0.21974869979865222
0.7000000000000001,0.9,G1,0.038992884432524515
0.7000000000000001,0.9,G2,0.36733590142670647
0.7000000000000001,0.9,G3,0.2131877048019848
0.7000000000000001,1.0,G1,0.037976531411187425
0.7000000000000001,1.0,G2,0.3587218693380513
0.7000000000000001,1.0,G3,0.20762259384867912
0.7000000000000001,1.1,G1,0.03710169810604305
0.7000000000000001,1.1,G2,0.351516673100745
0.7000000000000001,1.1,G3,0.2028647387180874
0.7000000000000001,1.2000000000000002,G1,0.036342061686511634
0.7000000000000001,1.2000000000000002,G2,0.34541810963062136
0.7000000000000001,1.2000000000000002,G3,0.19876502821503161
0.7000000000000001,1.3,G1,0.03567774322755426
0.7000000000000001,1.3,G2,0.34020350672950794
0.7000000000000001,1.3,G3,0.19520764470928953
0.7000000000000001,1.4000000000000001,G1,0.03509304833102659
0.7000000000000001,1.4000000000000001,G2,0.3357035119134488
0.7000000000000001,1.4000000000000001,G3,0.19209927501887172
0.7000000000000001,1.5,G1,0.03457563062404623
0.7000000000000001,1.5,G2,0.33178811284723697
0.7000000000000001,1.5,G3,0.18936835866188387
0.7000000000000001,1.6,G1,0.03411493785011938
0.7000000000000001,1.6,G2,0.32835562223599796
0.7000000000000001,1.6,G3,0.18695950321940263
0.7000000000000001,1.7000000000000002,G1,0.033702964257248925
0.7000000000000001,1.7000000000000002,G2,0.32532958189624295
0.7000000000000001,1.7000000000000002,G3,0.18481885641089552
0.7000000000000001,1.8,G1,0.0333329495516
0.7000000000000001,1.8,G2,0.32264605763030973
0.7000000000000001,1.8,G3,0.18291194599574326
0.7000000000000001,1.9000000000000001,G1,0.03299955992643275
0.7000000000000001,1.9000000000000001,G2,0.3202522694428532
0.7000000000000001,1.9000000000000001,G3,0.1812023268311862
0.7000000000000001,2.0,G1,0.032696335897075275
0.7000000000000001,2.0,G2,0.3181077672814517
0.7000000000000001,2.0,G3,0.17966823701540788
0.7200000000000001,0.0,G1,0.06560752378432702
0.7200000000000001,0.0,G2,0.6940019356156673
0.7200000000000001,0.0,G3,0.36388925707839725
0.7200000000000001,0.1,G1,0.059897053735475644
0.7200000000000001,0.1,G2,0.6075012066755391
0.7200000000000001,0.1,G3,0.3312841076236187
0.7200000000000001,0.2,G1,0.05527142504964923
0.7200000000000001,0.2,G2,0.5437251984031989
0.7200000000000001,0.2,G3,0.3049263188036058
0.7200000000000001,0.30000000000000004,G1,0.05153825215387043
0.7200000000000001,0.30000000000000004,G2,0.496701731676964
0.7200000000000001,0.30000000000000004,G3,0.2836810921241226
0.7200000000000001,0.4,G1,0.04851505203918756
0.7200000000000001,0.4,G2,0.46170203330005233
0.7200000000000001,0.4,G3,0.2665351172286001
0.7200000000000001,0.5,G1,0.04605932821646975
0.7200000000000001,0.5,G2,0.43523088784348324
0.7200000000000001,0.5,G3,0.2526277694557206
0.7200000000000001,0.6000000000000001,G1,0.04404112889358329
0.7200000000000001,0.6000000000000001,G2,0.4148252747451931
0.7200000000000001,0.6000000000000001,G3,0.24126329677671066
0.7200000000000001,0.7000000000000001,G1,0.042365534172872116
0.7200000000000001,0.7000000000000001,G2,0.39879114916749503
0.7200000000000001,0.7000000000000001,G3,0.23189169678576632
0.7200000000000001,0.8,G1,0.04096303842340426
0.7200000000000001,0.8,G2,0.38596034822562686
0.7200000000000001,0.8,G3,0.2240880516647581
0.7200000000000001,0.9,G1,0.039775414913808954
0.7200000000000001,0.9,G2,0.375521515113648
0.7200000000000001,0.9,G3,0.21752902047801628
0.7200000000000001,1.0,G1,0.038760793124481475
0.7200000000000001,1.0,G2,0.36690240765561033
0.7200000000000001,1.0,G3,0.21196704571985764
0.7200000000000001,1.1,G1,0.037884848714778895
0.7200000000000001,1.1,G2,0.359690403828878
0.7200000000000001,1.1,G3,0.20721071606979385
0.7200000000000001,1.2000000000000002,G1,0.037125163040786065
0.7200000000000001,1.2000000000000002,G2,0.3535863265308234
0.7200000000000001,1.2000000000000002,G3,0.2031115461039031
0.7200000000000001,1.3,G1,0.03646075662975908
0.7200000000000001,1.3,G2,0.348366992097186
0.7200000000000001,1.3,G3,0.1995533553494829
0.7200000000000001,1.4000000000000001,G1,0.035875922959591654
0.7200000000000001,1.4000000000000001,G2,0.34385972237067697
0.7200000000000001,1.4000000000000001,G3,0.1964473963636116
0.7200000000000001,1.5,G1,0.03535813703449401
0.7200000000000001,1.5,G2,0.3399424795143289
0.7200000000000001,1.5,G3,0.19371598332910703
0.7200000000000001,1.6,G1,0.03489749185874103
0.7200000000000001,1.6,G2,0.33650810530923947
0.7200000000000001,1.6,G3,0.1913043310841832
0.7200000000000001,1.7000000000000002,G1,0.034485329093030745
0.7200000000000001,1.7000000000000002,G2,0.3334789422472805
0.7200000000000001,1.7000000000000002,G3,0.1891626665830218
0.7200000000000001,1.8,G1,0.034115105934323674
0.7200000000000001,1.8,G2,0.33079172061364026
0.7200000000000001,1.8,G3,0.1872562668873894
0.7200000000000001,1.9000000000000001,G1,0.03378122946224534
0.7200000000000001,1.9000000000000001,G2,0.3283943155415622
0.7200000000000001,1.9000000000000001,G3,0.18554652179053188
0.7200000000000001,2.0,G1,0.03347903018949575
0.7200000000000001,2.0,G2,0.32624782204460046
0.7200000000000001,2.0,G3,0.1840100290703573
0.74,0.0,G1,0.06637045734023272
0.74,0.0,G2,0.7020687026265922
0.74,0.0,G3,0.36812139075497197
0.74,0.1,G1,0.060661402011816926
0.74,0.1,G2,0.6155917193152917
0.74,0.1,G3,0.335523607471574
0.74,0.2,G1,0.056039243973739904
0.74,0.2,G2,0.5518547168881761
0.74,0.2,G3,0.30918317389442745
0.74,0.30000000000000004,G1,0.052309498322510466
0.74,0.30000000000000004,G2,0.504866822222919
0.74,0.30000000000000004,G3,0.2879580249339065
0.74,0.4,G1,0.04929197784125939
0.74,0.4,G2,0.4698880580829848
0.74,0.4,G3,0.27083031166658333
0.74,0.5,G1,0.04683557138821962
0.74,0.5,G2,0.44342525995181825
0.74,0.5,G3,0.25694149833091745
0.74,0.6000000000000001,G1,0.04482081227499375
0.74,0.6000000000000001,G2,0.4230235069578974
0.74,0.6000000000000001,G3,0.24558484179970555
0.74,0.7000000000000001,G1,0.043145884699075356
0.74,0.7000000000000001,G2,0.40698302802052544
0.74,0.7000000000000001,G3,0.23622129659161664
0.74,0.8,G1,0.04174447936322021
0.74,0.8,G2,0.39414713889228076
0.74,0.8,G3,0.22842291619142088
0.74,0.9,G1,0.040557051036557615
0.74,0.9,G2,0.38370250342806766
0.74,0.9,G3,0.22186726153583874
0.74,1.0,G1,0.03954265159115987
0.74,1.0,G2,0.3750771182072896
0.74,1.0,G3,0.2163073551134042
0.74,1.1,G1,0.03866848296979095
0.74,1.1,G2,0.3678605429546485
0.74,1.1,G3,0.211551997796746
0.74,1.2000000000000002,G1,0.03790749876877324
0.74,1.2000000000000002,G2,0.36175064527733103
0.74,1.2000000000000002,G3,0.20745362873478798
0.74,1.3,G1,0.037242966420897805
0.74,1.3,G2,0.3565256261375119
0.74,1.3,G3,0.20389618657356215
0.74,1.4000000000000001,G1,0.03665799818081462
0.74,1.4000000000000001,G2,0.352016254906502
0.74,1.4000000000000001,G3,0.20078872983099313
0.74,1.5,G1,0.03614004714421985
0.74,1.5,G2,0.3480938436957198
0.74,1.5,G3,0.19805804470088836
0.74,1.6,G1,0.03567901727704388
0.74,1.6,G2,0.34465487470304634
0.74,1.6,G3,0.19564511012914376
0.74,1.7000000000000002,G1,0.03526668486746194
0.74,1.7000000000000002,G2,0.3416232282682611
0.74,1.7000000000000002,G3,0.19350429905043065
0.74,1.8,G1,0.03489647919357874
0.74,1.8,G2,0.33893283415464454
0.74,1.8,G3,0.19159492978459294
0.74,1.9000000000000001,G1,0.03456241473263628
0.74,1.9000000000000001,G2,0.33653444876381683
0.74,1.9000000000000001,G3,0.18988510053472205
0.74,2.0,G1,0.03426002051897207
0.74,2.0,G2,0.33438580243752664
0.74,2.0,G3,0.18834741555090398
0.76,0.0,G1,0.0671333734485033
0.76,0.0,G2,0.7101387957568797
0.76,0.0,G3,0.37235144988581687
0.76,0.1,G1,0.06142574858417798
0.76,0.1,G2,0.6236816429050112
0.76,0.1,G3,0.33976012044982956
0.76,0.2,G1,0.05680689408627916
0.76,0.2,G2,0.5599824731664367
0.76,0.2,G3,0.3134371044182469
0.76,0.30000000000000004,G1,0.053080822030150986
0.76,0.30000000000000004,G2,0.5130268359617578
0.76,0.30000000000000004,G3,0.292235617154932
0.76,0.4,G1,0.05006552221737303
0.76,0.4,G2,0.47806913932184897
0.76,0.4,G3,0.27512671568615943
0.76,0.5,G1,0.047613850051848115
0.76,0.5,G2,0.451616227370337
0.76,0.5,G3,0.2612493518888168
0.76,0.6000000000000001,G1,0.0456001694988629
0.76,0.6000000000000001,G2,0.4312111330334043
0.76,0.6000000000000001,G3,0.24990309784040055
0.76,0.7000000000000001,G1,0.04392894108275427
0.76,0.7000000000000001,G2,0.41516989855189806
0.76,0.7000000000000001,G3,0.24054713453010726
0.76,0.8,G1,0.042525350140225696
0.76,0.8,G2,0.40232902189103303
0.76,0.8,G3,0.23275395122687934
0.76,0.9,G1,0.04133843563369414
0.76,0.9,G2,0.3918787533118237
0.76,0.9,G3,0.2262023606251457
0.76,1.0,G1,0.04032409225219952
0.76,1.0,G2,0.3832476776925497
0.76,1.0,G3,0.2206433649877762
0.76,1.1,G1,0.03944961774135753
0.76,1.1,G2,0.37602516552942966
0.76,1.1,G3,0.21588942038915923
0.76,1.2000000000000002,G1,0.03869034191153724
0.76,1.2000000000000002,G2,0.3699116669622973
0.76,1.2000000000000002,G3,0.21179123209557982
0.76,1.3,G1,0.03802446863532564
0.76,1.3,G2,0.3646815234672987
0.76,1.3,G3,0.20823503764902251
0.76,1.4000000000000001,G1,0.03743932588847556
0.76,1.4000000000000001,G2,0.36016704935292343
0.76,1.4000000000000001,G3,0.20512639903363808
0.76,1.5,G1,0.03692121131090722
0.76,1.5,G2,0.3562403206342806
0.76,1.5,G3,0.2023954832647481
0.76,1.6,G1,0.036460004762926004
0.76,1.6,G2,0.35279867356995454
0.76,1.6,G3,0.19998262235746775
0.76,1.7000000000000002,G1,0.03604748643656665
0.76,1.7000000000000002,G2,0.3497624199853104
0.76,1.7000000000000002,G3,0.19784102243471519
0.76,1.8,G1,0.03567690533754473
0.76,1.8,G2,0.34706914735423927
0.76,1.8,G3,0.19592946067902786
0.76,1.9000000000000001,G1,0.03534266890075977
0.76,1.9000000000000001,G2,0.34466957554851574
0.76,1.9000000000000001,G3,0.19422162303365478
0.76,2.0,G1,0.0350401087040153
0.76,2.0,G2,0.342516462734805
0.76,2.0,G3,0.19268272241936316
0.78,0.0,G1,0.0678961693155494
0.78,0.0,G2,0.7182088625630022
0.78,0.0,G3,0.37658262999733744
0.78,0.1,G1,0.062191301993254226
0.78,0.1,G2,0.6317709999780908
0.78,0.1,G3,0.3440005667870786
0.78,0.2,G1,0.057574197944114426
0.78,0.2,G2,0.5681070109799213
0.78,0.2,G3,0.31769410880724247
0.78,0.30000000000000004,G1,0.053851069261473705
0.78,0.30000000000000004,G2,0.5211859236465227
0.78,0.30000000000000004,G3,0.29650902925724687
0.78,0.4,G1,0.05084004742912849
0.78,0.4,G2,0.4862458178630486
0.78,0.4,G3,0.279416361910394
0.78,0.5,G1,0.04838869900230898
0.78,0.5,G2,0.4597981840675007
0.78,0.5,G3,0.26555299094144597
0.78,0.6000000000000001,G1,0.046377109483880775
0.78,0.6000000000000001,G2,0.4393968311322585
0.78,0.6000000000000001,G3,0.2542215819510127
0.78,0.7000000000000001,G1,0.044707369504688746
0.78,0.7000000000000001,G2,0.42335539609923245
0.78,0.7000000000000001,G3,0.24486851276811056
0.78,0.8,G1,0.043305329040389896
0.78,0.8,G2,0.41050636780371724
0.78,0.8,G3,0.23708130115313258
0.78,0.9,G1,0.04212032224741713
0.78,0.9,G2,0.4000505462384092
0.78,0.9,G3,0.23053229916124865
0.78,1.0,G1,0.04110466123953599
0.78,1.0,G2,0.3914139884654978
0.78,1.0,G3,0.22497629688358145
0.78,1.1,G1,0.04023043337426531
0.78,1.1,G2,0.3841862387066313
0.78,1.1,G3,0.2202224517145364
0.78,1.2000000000000002,G1,0.03947076060547296
0.78,1.2000000000000002,G2,0.3780670976948131
0.78,1.2000000000000002,G3,0.21612509740281044
0.78,1.3,G1,0.038806423408206676
0.78,1.3,G2,0.3728331927610773
0.78,1.3,G3,0.2125684813611423
0.78,1.4000000000000001,G1,0.03822000138073511
0.78,1.4000000000000001,G2,0.3683161653256454
0.78,1.4000000000000001,G3,0.20946124381761547
0.78,1.5,G1,0.037701694681786
0.78,1.5,G2,0.36438491025771264
0.78,1.5,G3,0.2067289519626507
0.78,1.6,G1,0.03724029639058112
0.78,1.6,G2,0.3609396068878324
0.78,1.6,G3,0.20431587429606635
0.78,1.7000000000000002,G1,0.03682759910610896
0.78,1.7000000000000002,G2,0.35790118529110776
0.78,1.7000000000000002,G3,0.2021734633847345
0.78,1.8,G1,0.0364568356647797
0.78,1.8,G2,0.3552057350118094
0.78,1.8,G3,0.2002627539748308
0.78,1.9000000000000001,G1,0.0361224169740425
0.78,1.9000000000000001,G2,0.35280226846495694
0.78,1.9000000000000001,G3,0.1985506669034081
0.78,2.0,G1,0.03581967691023384
0.78,2.0,G2,0.35064749345309193
0.78,2.0,G3,0.1970142528857776
0.8,0.0,G1,0.06865908446068777
0.8,0.0,G2,0.7262788950170165
0.8,0.0,G3,0.380813792858914
0.8,0.1,G1,0.06295548749190416
0.8,0.1,G2,0.6398598147765694
0.8,0.1,G3,0.3482373163061036
0.8,0.2,G1,0.05834155930035035
0.8,0.2,G2,0.576233147017863
0.8,0.2,G3,0.32194888120372067
0.8,0.30000000000000004,G1,0.05462193143670375
0.8,0.30000000000000004,G2,0.529339736389529
0.8,0.30000000000000004,G3,0.30078076243435475
0.8,0.4,G1,0.051613005676373336
0.8,0.4,G2,0.49441855754570774
0.8,0.4,G3,0.2837062461252296
0.8,0.5,G1,0.049167915133412884
0.8,0.5,G2,0.4679794313602885
0.8,0.5,G3,0.26985519990886797
0.8,0.6000000000000001,G1,0.04715388611323708
0.8,0.6000000000000001,G2,0.4475782737937809
0.8,0.6000000000000001,G3,0.2585338664705531
0.8,0.7000000000000001,G1,0.045486766064341454
0.8,0.7000000000000001,G2,0.43153097922864875
0.8,0.7000000000000001,G3,0.2491875833553112
0.8,0.8,G1,0.04408557177417689
0.8,0.8,G2,0.41868273895719427
0.8,0.8,G3,0.24140408196520396
0.8,0.9,G1,0.04290031442610704
0.8,0.9,G2,0.408218267786538
0.8,0.9,G3,0.2348592041310792
0.8,1.0,G1,0.04188475732217921
0.8,1.0,G2,0.3995763066969716
0.8,1.0,G3,0.22930479072219392
0.8,1.1,G1,0.04101039464652493
0.8,1.1,G2,0.39234350642508437
0.8,1.1,G3,0.22455262767729625
0.8,1.2000000000000002,G1,0.04025088729262663
0.8,1.2000000000000002,G2,0.386219698535999
0.8,1.2000000000000002,G3,0.22045498996351207
0.8,1.3,G1,0.03958615885449619
0.8,1.3,G2,0.3809815342422588
0.8,1.3,G3,0.21689800064068543
0.8,1.4000000000000001,G1,0.039001023441104864
0.8,1.4000000000000001,G2,0.376460128677687
0.8,1.4000000000000001,G3,0.21378823470833117
0.8,1.5,G1,0.038482949711140045
0.8,1.5,G2,0.3725258611368913
0.8,1.5,G3,0.21105846105023493
0.8,1.6,G1,0.03801997682856364
0.8,1.6,G2,0.36907847033047825
0.8,1.6,G3,0.20864608169564702
0.8,1.7000000000000002,G1,0.03760707553581358
0.8,1.7000000000000002,G2,0.3660368351401223
0.8,1.7000000000000002,G3,0.2065021843498851
0.8,1.8,G1,0.0372361235039999
0.8,1.8,G2,0.36333866272366333
0.8,1.8,G3,0.20459093057757236
0.8,1.9000000000000001,G1,0.036901529514594224
0.8,1.9000000000000001,G2,0.36093389541257637
0.8,1.9000000000000001,G3,0.2028792312227129
0.8,2.0,G1,0.03659861657124791
0.8,2.0,G2,0.35877740069963043
0.8,2.0,G3,0.20134034283284966
0.8200000000000001,0.0,G1,0.06942251294486168
0.8200000000000001,0.0,G2,0.7343488864987435
0.8200000000000001,0.0,G3,0.3850449124455865
0.8200000000000001,0.1,G1,0.06371963758832566
0.8200000000000001,0.1,G2,0.6479481146389607
0.8200000000000001,0.1,G3,0.3524769670663903
0.8200000000000001,0.2,G1,0.05910878828074582
0.8200000000000001,0.2,G2,0.5843554975037325
0.8200000000000001,0.2,G3,0.3262035959504314
0.8200000000000001,0.30000000000000004,G1,0.055392549308035346
0.8200000000000001,0.30000000000000004,G2,0.5374902462937861
0.8200000000000001,0.30000000000000004,G3,0.3050536429884507
0.8200000000000001,0.4,G1,0.05238867937926469
0.8200000000000001,0.4,G2,0.5025874825915992
0.8200000000000001,0.4,G3,0.2879937289362898
0.8200000000000001,0.5,G1,0.04994118221368912
0.8200000000000001,0.5,G2,0.4761563473867998
0.8200000000000001,0.5,G3,0.2741584075361987
0.8200000000000001,0.6000000000000001,G1,0.047931133233801756
0.8200000000000001,0.6000000000000001,G2,0.4557570734939982
0.8200000000000001,0.6000000000000001,G3,0.26284360510104227
0.8200000000000001,0.7000000000000001,G1,0.046264070258947756
0.8200000000000001,0.7000000000000001,G2,0.4397050847633494
0.8200000000000001,0.7000000000000001,G3,0.25350691055588565
0.8200000000000001,0.8,G1,0.04486507972624404
0.8200000000000001,0.8,G2,0.4268498343697157
0.8200000000000001,0.8,G3,0.24572449798700188
0.8200000000000001,0.9,G1,0.04367828429449875
0.8200000000000001,0.9,G2,0.41638542867167266
0.8200000000000001,0.9,G3,0.23918260901927438
0.8200000000000001,1.0,G1,0.04266482575404154
0.8200000000000001,1.0,G2,0.4077349508760649
0.8200000000000001,1.0,G3,0.23363003463698262
0.8200000000000001,1.1,G1,0.04178991105315282
0.8200000000000001,1.1,G2,0.4004971926254335
0.8200000000000001,1.1,G3,0.2288787053954349
0.8200000000000001,1.2000000000000002,G1,0.04103020050379619
0.8200000000000001,1.2000000000000002,G2,0.39436888821437766
0.8200000000000001,1.2000000000000002,G3,0.2247821208234544
0.8200000000000001,1.3,G1,0.040365573335850426
0.8200000000000001,1.3,G2,0.3891266351704556
0.8200000000000001,1.3,G3,0.22122454807028832
0.8200000000000001,1.4000000000000001,G1,0.03978011380447032
0.8200000000000001,1.4000000000000001,G2,0.38460153510882983
0.8200000000000001,1.4000000000000001,G3,0.21811631704669293
0.8200000000000001,1.5,G1,0.0392616477160228
0.8200000000000001,1.5,G2,0.380663938772992
0.8200000000000001,1.5,G3,0.21538586610437704
0.8200000000000001,1.6,G1,0.038800205600535514
0.8200000000000001,1.6,G2,0.37721294252046694
0.8200000000000001,1.6,G3,0.2129716446483129
0.8200000000000001,1.7000000000000002,G1,0.03838598778115383
0.8200000000000001,1.7000000000000002,G2,0.37416900047779567
0.8200000000000001,1.7000000000000002,G3,0.21082632160991488
0.8200000000000001,1.8,G1,0.038014847325445175
0.8200000000000001,1.8,G2,0.37146865404727264
0.8200000000000001,1.8,G3,0.20891647419099568
0.8200000000000001,1.9000000000000001,G1,0.037680058868182036
0.8200000000000001,1.9000000000000001,G2,0.36906129675371235
0.8200000000000001,1.9000000000000001,G3,0.20720325781118049
0.8200000000000001,2.0,G1,0.03737696302018764
0.8200000000000001,2.0,G2,0.3669037961881918
0.8200000000000001,2.0,G3,0.20566374502534515
0.8400000000000001,0.0,G1,0.07018330912982165
0.8400000000000001,0.0,G2,0.7424188322860092
0.8400000000000001,0.0,G3,0.3892759688652603
0.8400000000000001,0.1,G1,0.06448375643170977
0.8400000000000001,0.1,G2,0.6560358742280915
0.8400000000000001,0.1,G3,0.356714982318695
0.8400000000000001,0.2,G1,0.05987589053933163
0.8400000000000001,0.2,G2,0.5924780072258332
0.8400000000000001,0.2,G3,0.330456999869817
0.8400000000000001,0.30000000000000004,G1,0.05616291945620607
0.8400000000000001,0.30000000000000004,G2,0.5456424359505642
0.8400000000000001,0.30000000000000004,G3,0.3093242940381798
0.8400000000000001,0.4,G1,0.053161384566453286
0.8400000000000001,0.4,G2,0.5107527018921354
0.8400000000000001,0.4,G3,0.29227866501173055
0.8400000000000001,0.5,G1,0.05071715203233657
0.8400000000000001,0.5,G2,0.48432888498726984
0.8400000000000001,0.5,G3,0.2784544449905773
0.8400000000000001,0.6000000000000001,G1,0.048710946193733326
0.8400000000000001,0.6000000000000001,G2,0.4639284333082954
0.8400000000000001,0.6000000000000001,G3,0.267148944381076
0.8400000000000001,0.7000000000000001,G1,0.04704066432021596
0.8400000000000001,0.7000000000000001,G2,0.44787549203744415
0.8400000000000001,0.7000000000000001,G3,0.2578200198542549
0.8400000000000001,0.8,G1,0.04564394711299027
0.8400000000000001,0.8,G2,0.43501466996457955
0.8400000000000001,0.8,G3,0.25004180411664967
0.8400000000000001,0.9,G1,0.044457743618226825
0.8400000000000001,0.9,G2,0.42454563757223956
0.8400000000000001,0.9,G3,0.2435016885771569
0.8400000000000001,1.0,G1,0.04344265166427622
0.8400000000000001,1.0,G2,0.4158934447836356
0.8400000000000001,1.0,G3,0.2379519205407807
0.8400000000000001,1.1,G1,0.04256911283455773
0.8400000000000001,1.1,G2,0.4086476134201379
0.8400000000000001,1.1,G3,0.23320157388762258
0.8400000000000001,1.2000000000000002,G1,0.04180910305627755
0.8400000000000001,1.2000000000000002,G2,0.40251489141374347
0.8400000000000001,1.2000000000000002,G3,0.22910522828298938
0.8400000000000001,1.3,G1,0.041144232704857044
0.8400000000000001,1.3,G2,0.3972686755051312
0.8400000000000001,1.3,G3,0.2255485426489358
0.8400000000000001,1.4000000000000001,G1,0.0405585238875836
0.8400000000000001,1.4000000000000001,G2,0.3927400218392688
0.8400000000000001,1.4000000000000001,G3,0.22243844099031582
0.8400000000000001,1.5,G1,0.040040123973753734
0.8400000000000001,1.5,G2,0.3887992328438927
0.8400000000000001,1.5,G3,0.21970714341305703
0.8400000000000001,1.6,G1,0.039578278633778
0.8400000000000001,1.6,G2,0.3853453669091163
0.8400000000000001,1.6,G3,0.21729417357909403
0.8400000000000001,1.7000000000000002,G1,0.03916523736379529
0.8400000000000001,1.7000000000000002,G2,0.38229884287950117
0.8400000000000001,1.7000000000000002,G3,0.21514750810453948
0.8400000000000001,1.8,G1,0.03879417047336619
0.8400000000000001,1.8,G2,0.37959617046766286
0.8400000000000001,1.8,G3,0.21323794577728458
0.8400000000000001,1.9000000000000001,G1,0.038459455974134
0.8400000000000001,1.9000000000000001,G2,0.37718613694000547
0.8400000000000001,1.9000000000000001,G3,0.2115237781954596
0.8400000000000001,2.0,G1,0.03815480055933036
0.8400000000000001,2.0,G2,0.3750270108259226
0.8400000000000001,2.0,G3,0.20998268429034087
0.86,0.0,G1,0.07094786984747606
0.86,0.0,G2,0.7504887254758762
0.86,0.0,G3,0.3935063312569721
0.86,0.1,G1,0.06524784823412681
0.86,0.1,G2,0.6641237709768808
0.86,0.1,G3,0.36095285168940205
0.86,0.2,G1,0.06064287150361849
0.86,0.2,G2,0.6005985191801424
0.86,0.2,G3,0.3347097937690864
0.86,0.30000000000000004,G1,0.05693282289677317
0.86,0.30000000000000004,G2,0.5537888433870236
0.86,0.30000000000000004,G3,0.31359182769751887
0.86,0.4,G1,0.05393400870689452
0.86,0.4,G2,0.5189167488631067
0.86,0.4,G3,0.296564764490859
0.86,0.5,G1,0.0514937436981495
0.86,0.5,G2,0.49249765402652956
0.86,0.5,G3,0.2827508038324571
0.86,0.6000000000000001,G1,0.04948589141307831
0.86,0.6000000000000001,G2,0.47209754082298944
0.86,0.6000000000000001,G3,0.2714530091596735
0.86,0.7000000000000001,G1,0.04781782398046303
0.86,0.7000000000000001,G2,0.4560436752438432
0.86,0.7000000000000001,G3,0.26213063644139073
0.86,0.8,G1,0.04642033899335662
0.86,0.8,G2,0.4431772188125841
0.86,0.8,G3,0.2543595001720406
0.86,0.9,G1,0.045236594899650075
0.86,0.9,G2,0.4327002027119703
0.86,0.9,G3,0.2478186656680782
0.86,1.0,G1,0.04422222759368759
0.86,1.0,G2,0.4240453340782919
0.86,1.0,G3,0.24226956465384258
0.86,1.1,G1,0.043346849544464564
0.86,1.1,G2,0.41679823062549753
0.86,1.1,G3,0.2375212289982832
0.86,1.2000000000000002,G1,0.042587778681439564
0.86,1.2000000000000002,G2,0.41065795625901447
0.86,1.2000000000000002,G3,0.23342532786316758
0.86,1.3,G1,0.04192278145489031
0.86,1.3,G2,0.4054078899704311
0.86,1.3,G3,0.22986834914665394
0.86,1.4000000000000001,G1,0.041336839334861875
0.86,1.4000000000000001,G2,0.40087576327641944
0.86,1.4000000000000001,G3,0.226760430325012
0.86,1.5,G1,0.0408179019019457
0.86,1.5,G2,0.39693189367818427
0.86,1.5,G3,0.22402715936381817
0.86,1.6,G1,0.040356133262128696
0.86,1.6,G2,0.39347526830479795
0.86,1.6,G3,0.22161203164725451
0.86,1.7000000000000002,G1,0.03994278420505099
0.86,1.7000000000000002,G2,0.3904262669704158
0.86,1.7000000000000002,G3,0.21946752276395542
0.86,1.8,G1,0.039571373304231806
0.86,1.8,G2,0.3877213649252613
0.86,1.8,G3,0.21755471320548503
0.86,1.9000000000000001,G1,0.03923642525811227
0.86,1.9000000000000001,G2,0.38530931935501284
0.86,1.9000000000000001,G3,0.21584213008121197
0.86,2.0,G1,0.0389331819457854
0.86,2.0,G2,0.3831483727175872
0.86,2.0,G3,0.21429932659621112
0.88,0.0,G1,0.07171077618076836
0.88,0.0,G2,0.7585585732946893
0.88,0.0,G3,0.3977373626382157
0.88,0.1,G1,0.06601158114241314
0.88,0.1,G2,0.6722112193088912
0.88,0.1,G3,0.36519160203864365
0.88,0.2,G1,0.06140978119742985
0.88,0.2,G2,0.6087158514355011
0.88,0.2,G3,0.3389627533945836
0.88,0.30000000000000004,G1,0.057702723562304055
0.88,0.30000000000000004,G2,0.5619323265857568
0.88,0.30000000000000004,G3,0.3178616570786509
0.88,0.4,G1,0.054706559897124675
0.88,0.4,G2,0.5270754161248777
0.88,0.4,G3,0.3008457083160486
0.88,0.5,G1,0.05226800337919688
0.88,0.5,G2,0.5006627403632414
0.88,0.5,G3,0.28704441968954686
0.88,0.6000000000000001,G1,0.05026095020031828
0.88,0.6000000000000001,G2,0.48026361506984483
0.88,0.6000000000000001,G3,0.27575808538338037
0.88,0.7000000000000001,G1,0.048597645454273274
0.88,0.7000000000000001,G2,0.4642050152939729
0.88,0.7000000000000001,G3,0.26643702030553673
0.88,0.8,G1,0.047196739636531156
0.88,0.8,G2,0.4513361468308166
0.88,0.8,G3,0.2586711594254822
0.88,0.9,G1,0.046012349860938696
0.88,0.9,G2,0.4408542999457671
0.88,0.9,G3,0.25213607088597967
0.88,1.0,G1,0.04500075585621373
0.88,1.0,G2,0.43219200264171886
0.88,1.0,G3,0.24658516763328495
0.88,1.1,G1,0.044125870255337304
0.88,1.1,G2,0.4249407935737392
0.88,1.1,G3,0.2418367768069352
0.88,1.2000000000000002,G1,0.04336535011404952
0.88,1.2000000000000002,G2,0.41880154187047486
0.88,1.2000000000000002,G3,0.23774235073412162
0.88,1.3,G1,0.04270095616994742
0.88,1.3,G2,0.41354444517457756
0.88,1.3,G3,0.2341854856180226
0.88,1.4000000000000001,G1,0.04211587069374033
0.88,1.4000000000000001,G2,0.40900899966559573
0.88,1.4000000000000001,G3,0.23107670874028888
0.88,1.5,G1,0.04159534180482459
0.88,1.5,G2,0.40506212427583677
0.88,1.5,G3,0.22834381722546054
0.88,1.6,G1,0.04113331004151948
0.88,1.6,G2,0.40160536615101156
0.88,1.6,G3,0.22592899838460662
0.88,1.7000000000000002,G1,0.04071972215235421
0.88,1.7000000000000002,G2,0.3985514063146689
0.88,1.7000000000000002,G3,0.22378359769243536
0.88,1.8,G1,0.040348390945919625
0.88,1.8,G2,0.39584435756324643
0.88,1.8,G3,0.22186993615895165
0.88,1.9000000000000001,G1,0.04001315774509341
0.88,1.9000000000000001,G2,0.3934303786310315
0.88,1.9000000000000001,G3,0.22015585754259248
0.88,2.0,G1,0.039709629057592885
0.88,2.0,G2,0.39126768503900056
0.88,2.0,G3,0.21861460614805403
0.9,0.0,G1,0.07247367559060366
0.9,0.0,G2,0.7666274095214353
0.9,0.0,G3,0.40197171651038227
0.9,0.1,G1,0.06677575434169862
0.9,0.1,G2,0.6802982282778618
0.9,0.1,G3,0.36942697707503147
0.9,0.2,G1,0.06217659388115569
0.9,0.2,G2,0.616832749892194
0.9,0.2,G3,0.343213306305715
0.9,0.30000000000000004,G1,0.0584724165065745
0.9,0.30000000000000004,G2,0.5700740434810103
0.9,0.30000000000000004,G3,0.3221290595514356
0.9,0.4,G1,0.05547881709444409
0.9,0.4,G2,0.5352304223911671
0.9,0.4,G3,0.30512862621637177
0.9,0.5,G1,0.05304199847632195
0.9,0.5,G2,0.5088237651054579
0.9,0.5,G3,0.2913371997572097
0.9,0.6000000000000001,G1,0.051036114513379034
0.9,0.6000000000000001,G2,0.4884259299590113
0.9,0.6000000000000001,G3,0.28005628048702724
0.9,0.7000000000000001,G1,0.04937253278020639
0.9,0.7000000000000001,G2,0.4723651497431528
0.9,0.7000000000000001,G3,0.2707419937155942
0.9,0.8,G1,0.04797364719479137
0.9,0.8,G2,0.4594918992216303
0.9,0.8,G3,0.2629803946992064
0.9,0.9,G1,0.046789745878666494
0.9,0.9,G2,0.4490054608566618
0.9,0.9,G3,0.25644737861837524
0.9,1.0,G1,0.04577876049980349
0.9,1.0,G2,0.4403383953781079
0.9,1.0,G3,0.25089794155546374
0.9,1.1,G1,0.04490395842217067
0.9,1.1,G2,0.4330819874645995
0.9,1.1,G3,0.24615037262434575
0.9,1.2000000000000002,G1,0.04414342761699741
0.9,1.2000000000000002,G2,0.42693726895926243
0.9,1.2000000000000002,G3,0.24205541923765103
0.9,1.3,G1,0.043476744138881224
0.9,1.3,G2,0.42168180891657286
0.9,1.3,G3,0.23849967014166734
0.9,1.4000000000000001,G1,0.042893096458164866
0.9,1.4000000000000001,G2,0.41714315531276924
0.9,1.4000000000000001,G3,0.23539080784392552
0.9,1.5,G1,0.04237185140087414
0.9,1.5,G2,0.41319006630893723
0.9,1.5,G3,0.23265762305840204
0.9,1.6,G1,0.04191048551445289
0.9,1.6,G2,0.4097281745757376
0.9,1.6,G3,0.23024197921133907
0.9,1.7000000000000002,G1,0.04149636144649189
0.9,1.7000000000000002,G2,0.4066744532270742
0.9,1.7000000000000002,G3,0.22809659026299553
0.9,1.8,G1,0.04112478223699529
0.9,1.8,G2,0.40396531274063086
0.9,1.8,G3,0.22618313127997974
0.9,1.9000000000000001,G1,0.04078933268509255
0.9,1.9000000000000001,G2,0.40155191345243096
0.9,1.9000000000000001,G3,0.2244681841799296
0.9,2.0,G1,0.040485874782534924
0.9,2.0,G2,0.39938506235741467
0.9,2.0,G3,0.2229260870284404
0.92,0.0,G1,0.07323612312474892
0.92,0.0,G2,0.7746982274482451
0.92,0.0,G3,0.40620271528068636
0.92,0.1,G1,0.06753971606340291
0.92,0.1,G2,0.6883862929636201
0.92,0.1,G3,0.3736661457628755
0.92,0.2,G1,0.06294446988891612
0.92,0.2,G2,0.6249483041172992
0.92,0.2,G3,0.34746385049005885
0.92,0.30000000000000004,G1,0.059241910692151366
0.92,0.30000000000000004,G2,0.5782137590537513
0.92,0.30000000000000004,G3,0.3263961154567577
0.92,0.4,G1,0.05625077766347597
0.92,0.4,G2,0.5433838219001821
0.92,0.4,G3,0.30940839824829564
0.92,0.5,G1,0.053814910201734914
0.92,0.5,G2,0.5169846347821122
0.92,0.5,G3,0.2956267783357004
0.92,0.6000000000000001,G1,0.05181077484963037
0.92,0.6000000000000001,G2,0.496584974007455
0.92,0.6000000000000001,G3,0.2843544483123659
0.92,0.7000000000000001,G1,0.05014756091939482
0.92,0.7000000000000001,G2,0.48052125340407187
0.92,0.7000000000000001,G3,0.2750479844693791
0.92,0.8,G1,0.0487531289123166
0.92,0.8,G2,0.46764269617026044
0.92,0.8,G3,0.2672853977801546
0.92,0.9,G1,0.047567564751076416
0.92,0.9,G2,0.4571537915408937
0.92,0.9,G3,0.26075630913955866
0.92,1.0,G1,0.0465534407166398
0.92,1.0,G2,0.44848224197793946
0.92,1.0,G3,0.2552113658630307
0.92,1.1,G1,0.04568134121580072
0.92,1.1,G2,0.44122158163280784
0.92,1.1,G3,0.25046124294775185
0.92,1.2000000000000002,G1,0.04492103488481028
0.92,1.2000000000000002,G2,0.43507203066380096
0.92,1.2000000000000002,G3,0.24636664809604703
0.92,1.3,G1,0.044255196545047525
0.92,1.3,G2,0.4298114314919599
0.92,1.3,G3,0.24281006599251026
0.92,1.4000000000000001,G1,0.043668726350338236
0.92,1.4000000000000001,G2,0.42526983511984034
0.92,1.4000000000000001,G3,0.23970206832723973
0.92,1.5,G1,0.043149003570281175
0.92,1.5,G2,0.42131916621221727
0.92,1.5,G3,0.23696868019715603
0.92,1.6,G1,0.04268719753542489
0.92,1.6,G2,0.41785478729268516
0.92,1.6,G3,0.23455268846111893
0.92,1.7000000000000002,G1,0.04227172675648576
0.92,1.7000000000000002,G2,0.4147954978158858
0.92,1.7000000000000002,G3,0.232406850908608
0.92,1.8,G1,0.041901231568141684
0.92,1.8,G2,0.41208435631581103
0.92,1.8,G3,0.23049242043653848
0.92,1.9000000000000001,G1,0.04156524739568627
0.92,1.9000000000000001,G2,0.40966669360141317
0.92,1.9000000000000001,G3,0.228777364083942
0.92,2.0,G1,0.04126155435819586
0.92,2.0,G2,0.40750067523589656
0.92,2.0,G3,0.2272357797607967
0.9400000000000001,0.0,G1,0.07400052372593754
0.9400000000000001,0.0,G2,0.7827680503584691
0.9400000000000001,0.0,G3,0.4104336992931541
0.9400000000000001,0.1,G1,0.06830534295164233
0.9400000000000001,0.1,G2,0.6964724241134347
0.9400000000000001,0.1,G3,0.37790341778132386
0.9400000000000001,0.2,G1,0.06371097890670446
0.9400000000000001,0.2,G2,0.6330625684317385
0.9400000000000001,0.2,G3,0.35171491444649383
0.9400000000000001,0.30000000000000004,G1,0.06001121462990721
0.9400000000000001,0.30000000000000004,G2,0.5863512405362269
0.9400000000000001,0.30000000000000004,G3,0.33066146479672315
0.9400000000000001,0.4,G1,0.057022203221053384
0.9400000000000001,0.4,G2,0.5515373481447412
0.9400000000000001,0.4,G3,0.31368751115445204
0.9400000000000001,0.5,G1,0.054588395035028325
0.9400000000000001,0.5,G2,0.5251403896192394
0.9400000000000001,0.5,G3,0.2999169207925147
0.9400000000000001,0.6000000000000001,G1,0.052586872360283594
0.9400000000000001,0.6000000000000001,G2,0.5047409345877856
0.9400000000000001,0.6000000000000001,G3,0.2886500707890557
0.9400000000000001,0.7000000000000001,G1,0.050923115243461915
0.9400000000000001,0.7000000000000001,G2,0.4886746710408814
0.9400000000000001,0.7000000000000001,G3,0.2793469527398227
0.9400000000000001,0.8,G1,0.049527824557937264
0.9400000000000001,0.8,G2,0.47579379200353894
0.9400000000000001,0.8,G3,0.27158918274866817
0.9400000000000001,0.9,G1,0.04834211108439483
0.9400000000000001,0.9,G2,0.46529838806433577
0.9400000000000001,0.9,G3,0.2650614208033518
0.9400000000000001,1.0,G1,0.047330711438872665
0.9400000000000001,1.0,G2,0.45662355644063013
0.9400000000000001,1.0,G3,0.2595190538119832
0.9400000000000001,1.1,G1,0.046456062696827845
0.9400000000000001,1.1,G2,0.4493587728630835
0.9400000000000001,1.1,G3,0.25477286002836474
0.9400000000000001,1.2000000000000002,G1,0.045697917122407
0.9400000000000001,1.2000000000000002,G2,0.44320572503897476
0.9400000000000001,1.2000000000000002,G3,0.2506752669533214
0.9400000000000001,1.3,G1,0.04503229372677917
0.9400000000000001,1.3,G2,0.43794107604993593
0.9400000000000001,1.3,G3,0.24711874517054128
0.9400000000000001,1.4000000000000001,G1,0.044445622653408214
0.9400000000000001,1.4000000000000001,G2,0.43339588948360014
0.9400000000000001,1.4000000000000001,G3,0.2440097263560587
0.9400000000000001,1.5,G1,0.04392580461043789
0.9400000000000001,1.5,G2,0.42944079621298786
0.9400000000000001,1.5,G3,0.2412761425507212
0.9400000000000001,1.6,G1,0.043463384950205644
0.9400000000000001,1.6,G2,0.4259741183752265
0.9400000000000001,1.6,G3,0.2388607395062577
0.9400000000000001,1.7000000000000002,G1,0.043048594377894246
0.9400000000000001,1.7000000000000002,G2,0.4229179851058681
0.9400000000000001,1.7000000000000002,G3,0.2367145298296976
0.9400000000000001,1.8,G1,0.04267715092811684
0.9400000000000001,1.8,G2,0.4202049100999029
0.9400000000000001,1.8,G3,0.2347996532414641
0.9400000000000001,1.9000000000000001,G1,0.04234018666920759
0.9400000000000001,1.9000000000000001,G2,0.4177855076813936
0.9400000000000001,1.9000000000000001,G3,0.23308409871135022
0.9400000000000001,2.0,G1,0.042038112749346726
0.9400000000000001,2.0,G2,0.4156145799124646
0.9400000000000001,2.0,G3,0.23154120675679904
0.9600000000000001,0.0,G1,0.07476184880324412
0.9600000000000001,0.0,G2,0.7908378536304823
0.9600000000000001,0.0,G3,0.4146646698789814
0.9600000000000001,0.1,G1,0.06906658154740469
0.9600000000000001,0.1,G2,0.7045548878796845
0.9600000000000001,0.1,G3,0.3821405217947977
0.9600000000000001,0.2,G1,0.06447739521434767
0.9600000000000001,0.2,G2,0.641175598034856
0.9600000000000001,0.2,G3,0.3559648800808687
0.9600000000000001,0.30000000000000004,G1,0.060780342416315344
0.9600000000000001,0.30000000000000004,G2,0.5944877080429743
0.9600000000000001,0.30000000000000004,G3,0.3349258788404629
0.9600000000000001,0.4,G1,0.05779360655963747
0.9600000000000001,0.4,G2,0.5596851823204182
0.9600000000000001,0.4,G3,0.3179632789505761
0.9600000000000001,0.5,G1,0.055361564833122476
0.9600000000000001,0.5,G2,0.533292303002235
0.9600000000000001,0.5,G3,0.3042028841298959
0.9600000000000001,0.6000000000000001,G1,0.05336143587310407
0.9600000000000001,0.6000000000000001,G2,0.5128939229848467
0.9600000000000001,0.6000000000000001,G3,0.29294456544905967
0.9600000000000001,0.7000000000000001,G1,0.0516977011181884
0.9600000000000001,0.7000000000000001,G2,0.4968251698002151
0.9600000000000001,0.7000000000000001,G3,0.2836460841542921
0.9600000000000001,0.8,G1,0.05030262889400407
0.9600000000000001,0.8,G2,0.4839406787825323
0.9600000000000001,0.8,G3,0.2758940793140797
0.9600000000000001,0.9,G1,0.049121058763339984
0.9600000000000001,0.9,G2,0.47344140969735515
0.9600000000000001,0.9,G3,0.26936501807884405
0.9600000000000001,1.0,G1,0.04810523235479193
0.9600000000000001,1.0,G2,0.46476163853714286
0.9600000000000001,1.0,G3,0.2638232313291126
0.9600000000000001,1.1,G1,0.047231195728840845
0.9600000000000001,1.1,G2,0.45749367948982417
0.9600000000000001,1.1,G3,0.2590787983212978
0.9600000000000001,1.2000000000000002,G1,0.046472052383244436
0.9600000000000001,1.2000000000000002,G2,0.4513372028597699
0.9600000000000001,1.2000000000000002,G3,0.25498474050109965
0.9600000000000001,1.3,G1,0.045808459734665255
0.9600000000000001,1.3,G2,0.44606912396020665
0.9600000000000001,1.3,G3,0.2514249343439643
0.9600000000000001,1.4000000000000001,G1,0.04522215770710069
0.9600000000000001,1.4000000000000001,G2,0.4415210216347436
0.9600000000000001,1.4000000000000001,G3,0.24831578577553395
0.9600000000000001,1.5,G1,0.0447022751165642
0.9600000000000001,1.5,G2,0.43756280969873124
0.9600000000000001,1.5,G3,0.24558194727912155
0.9600000000000001,1.6,G1,0.04423913574966505
0.9600000000000001,1.6,G2,0.43409334655807436
0.9600000000000001,1.6,G3,0.2431653636016368
0.9600000000000001,1.7000000000000002,G1,0.04382469854315697
0.9600000000000001,1.7000000000000002,G2,0.43103312339596445
0.9600000000000001,1.7000000000000002,G3,0.24101963684017735
0.9600000000000001,1.8,G1,0.04345229602459281
0.9600000000000001,1.8,G2,0.42831824878533203
0.9600000000000001,1.8,G3,0.2391043767933962
0.9600000000000001,1.9000000000000001,G1,0.043114906515644404
0.9600000000000001,1.9000000000000001,G2,0.42589722463064844
0.9600000000000001,1.9000000000000001,G3,0.23738838764471976
0.9600000000000001,2.0,G1,0.04281221484358477
0.9600000000000001,2.0,G2,0.42373021310649184
0.9600000000000001,2.0,G3,0.23584502154622852
0.98,0.0,G1,0.07552391698888289
0.98,0.0,G2,0.7989076251851989
0.98,0.0,G3,0.4188956563566126
0.98,0.1,G1,0.06983271658933068
0.98,0.1,G2,0.7126402991879562
0.98,0.1,G3,0.38637743491437654
0.98,0.2,G1,0.06524372553127172
0.98,0.2,G2,0.6492874501393348
0.98,0.2,G3,0.3602133346047759
0.98,0.30000000000000004,G1,0.06154934279579285
0.98,0.30000000000000004,G2,0.6026208987982915
0.98,0.30000000000000004,G3,0.3391899199781933
0.98,0.4,G1,0.05856476165878437
0.98,0.4,G2,0.5678323561391796
0.98,0.4,G3,0.3222390438731395
0.98,0.5,G1,0.05613441655708037
0.98,0.5,G2,0.5414429559661552
0.98,0.5,G3,0.3084881362859031
0.98,0.6000000000000001,G1,0.05413532266744835
0.98,0.6000000000000001,G2,0.5210460349366408
0.98,0.6000000000000001,G3,0.2972366949333767
0.98,0.7000000000000001,G1,0.05247385154937782
0.98,0.7000000000000001,G2,0.504972855696769
0.98,0.7000000000000001,G3,0.28794256868896556
0.98,0.8,G1,0.05107739988337083
0.98,0.8,G2,0.4920847970420553
0.98,0.8,G3,0.28019219125537
0.98,0.9,G1,0.04989402403897009
0.98,0.9,G2,0.48158177032214156
0.98,0.9,G3,0.2736663988743346
0.98,1.0,G1,0.04888388776427621
0.98,1.0,G2,0.47289655767768385
0.98,1.0,G3,0.2681257934894889
0.98,1.1,G1,0.048006874290320654
0.98,1.1,G2,0.4656251743111284
0.98,1.1,G3,0.26338138303153913
0.98,1.2000000000000002,G1,0.04724821907403285
0.98,1.2000000000000002,G2,0.4594661157928813
0.98,1.2000000000000002,G3,0.2592886483566024
0.98,1.3,G1,0.04658185453748508
0.98,1.3,G2,0.45419528659851927
0.98,1.3,G3,0.2557320907057623
0.98,1.4000000000000001,G1,0.04599516281194736
0.98,1.4000000000000001,G2,0.4496442103925658
0.98,1.4000000000000001,G3,0.25262281223101873
0.98,1.5,G1,0.04547816171679744
0.98,1.5,G2,0.4456835131786355
0.98,1.5,G3,0.24988538719479644
0.98,1.6,G1,0.04501509463509505
0.98,1.6,G2,0.44221181840805907
0.98,1.6,G3,0.24746847194879049
0.98,1.7000000000000002,G1,0.044600539445054106
0.98,1.7000000000000002,G2,0.4391493130618996
0.98,1.7000000000000002,G3,0.24532153592118203
0.98,1.8,G1,0.044227889899431765
0.98,1.8,G2,0.4364322883864475
0.98,1.8,G3,0.2434058688741121
0.98,1.9000000000000001,G1,0.04389163926013929
0.98,1.9000000000000001,G2,0.4340093339523729
0.98,1.9000000000000001,G3,0.24168946867717733
0.98,2.0,G1,0.04358716285229458
0.98,2.0,G2,0.431838543206341
0.98,2.0,G3,0.2401464506075322
1.0,0.0,G1,0.07628805730679357
1.0,0.0,G2,0.8069773577510629
1.0,0.0,G3,0.42312686972228714
1.0,0.1,G1,0.0705946629625508
1.0,0.1,G2,0.720725318605829
1.0,0.1,G3,0.39061414307904496
1.0,0.2,G1,0.06600963044276985
1.0,0.2,G2,0.6573984192836355
1.0,0.2,G3,0.36446453274307067
1.0,0.30000000000000004,G1,0.06231946439501092
1.0,0.30000000000000004,G2,0.6107526502645036
1.0,0.30000000000000004,G3,0.3434516869665029
1.0,0.4,G1,0.05933567912670785
1.0,0.4,G2,0.5759743744158229
1.0,0.4,G3,0.3265143393930092
1.0,0.5,G1,0.05690669011833978
1.0,0.5,G2,0.549593588569382
1.0,0.5,G3,0.31277175000851243
1.0,0.6000000000000001,G1,0.05490901845211023
1.0,0.6000000000000001,G2,0.5291930106928074
1.0,0.6000000000000001,G3,0.3015284527558173
1.0,0.7000000000000001,G1,0.05324835651925328
1.0,0.7000000000000001,G2,0.5131180220068486
1.0,0.7000000000000001,G3,0.292237217068238
1.0,0.8,G1,0.05185195871353448
1.0,0.8,G2,0.5002261626815446
1.0,0.8,G3,0.28449035544270873
1.0,0.9,G1,0.05066994007864427
1.0,0.9,G2,0.489719479035438
1.0,0.9,G3,0.27796724512897053
1.0,1.0,G1,0.0496579883035828
1.0,1.0,G2,0.4810320028580853
1.0,1.0,G3,0.27242618638681837
1.0,1.1,G1,0.04878516241215602
1.0,1.1,G2,0.47375614002918265
1.0,1.1,G3,0.2676823894555099
1.0,1.2000000000000002,G1,0.04802204525190617
1.0,1.2000000000000002,G2,0.46759212828083013
1.0,1.2000000000000002,G3,0.2635892371468196
1.0,1.3,G1,0.047357938998241464
1.0,1.3,G2,0.4623191061653543
1.0,1.3,G3,0.26003383639237654
1.0,1.4000000000000001,G1,0.04677053485205941
1.0,1.4000000000000001,G2,0.4577656434666711
1.0,1.4000000000000001,G3,0.25692424450616136
1.0,1.5,G1,0.04625158702318211
1.0,1.5,G2,0.4538026158808867
1.0,1.5,G3,0.25418991144349856
1.0,1.6,G1,0.045789862272595
1.0,1.6,G2,0.45032881897322774
1.0,1.6,G3,0.2517693355454678
1.0,1.7000000000000002,G1,0.04537584805777678
1.0,1.7000000000000002,G2,0.44726413065192766
1.0,1.7000000000000002,G3,0.24962202183923762
1.0,1.8,G1,0.045003233551527785
1.0,1.8,G2,0.4445453732164798
1.0,1.8,G3,0.2477059396874746
1.0,1.9000000000000001,G1,0.04466690013460205
1.0,1.9000000000000001,G2,0.4421208561051057
1.0,1.9000000000000001,G3,0.24598909839087005
1.0,2.0,G1,0.04436225483581606
1.0,2.0,G2,0.4399486523724857
1.0,2.0,G3,0.24444485408656474
1.02,0.0,G1,0.07705250887156569
1.02,0.0,G2,0.8150470438475467
1.02,0.0,G3,0.42735778473973524
1.02,0.1,G1,0.07135959555597923
1.02,0.1,G2,0.7288099507628044
1.02,0.1,G3,0.3948499660180117
1.02,0.2,G1,0.06677593442838628
1.02,0.2,G2,0.6655086615327562
1.02,0.2,G3,0.3687143594953151
1.02,0.30000000000000004,G1,0.06308804539885259
1.02,0.30000000000000004,G2,0.6188826286452567
1.02,0.30000000000000004,G3,0.3477123644187015
1.02,0.4,G1,0.060106369034366385
1.02,0.4,G2,0.5841154509716513
1.02,0.4,G3,0.33078764742974237
1.02,0.5,G1,0.05767893561697177
1.02,0.5,G2,0.55773861685969
1.02,0.5,G3,0.3170549762547128
1.02,0.6000000000000001,G1,0.05568239365984233
1.02,0.6000000000000001,G2,0.5373371838006775
1.02,0.6000000000000001,G3,0.30581560931858814
1.02,0.7000000000000001,G1,0.05402234226985385
1.02,0.7000000000000001,G2,0.521262562472059
1.02,0.7000000000000001,G3,0.2965304626772299
1.02,0.8,G1,0.05262764986185898
1.02,0.8,G2,0.5083640845526486
1.02,0.8,G3,0.2887860493314915
1.02,0.9,G1,0.0514464240494211
1.02,0.9,G2,0.49785486517810656
1.02,0.9,G3,0.28226536655234774
1.02,1.0,G1,0.050432000354556986
1.02,1.0,G2,0.4891636824252785
1.02,1.0,G3,0.2767278778794701
1.02,1.1,G1,0.049558770342221635
1.02,1.1,G2,0.4818843908418952
1.02,1.1,G3,0.271981297256899
1.02,1.2000000000000002,G1,0.04879993030062159
1.02,1.2000000000000002,G2,0.47571780797794805
1.02,1.2000000000000002,G3,0.26788838622600647
1.02,1.3,G1,0.048131193369902084
1.02,1.3,G2,0.4704408109536761
1.02,1.3,G3,0.264332192486548
1.02,1.4000000000000001,G1,0.047546248689475074
1.02,1.4000000000000001,G2,0.46588389386677187
1.02,1.4000000000000001,G3,0.26122379305872073
1.02,1.5,G1,0.047025008078330814
1.02,1.5,G2,0.46191962924766544
1.02,1.5,G3,0.2584890223891077
1.02,1.6,G1,0.04656224578019064
1.02,1.6,G2,0.4584437782971003
1.02,1.6,G3,0.25607139665164924
1.02,1.7000000000000002,G1,0.046148799564529684
1.02,1.7000000000000002,G2,0.45537754267765274
1.02,1.7000000000000002,G3,0.2539237147286941
1.02,1.8,G1,0.04577722575278708
1.02,1.8,G2,0.4526571593507471
1.02,1.8,G3,0.25200389154323516
1.02,1.9000000000000001,G1,0.045438214286245844
1.02,1.9000000000000001,G2,0.45023117071204233
1.02,1.9000000000000001,G3,0.25028662144942626
1.02,2.0,G1,0.04513362273781158
1.02,2.0,G2,0.44805734822518845
1.02,2.0,G3,0.2487419310157241
1.04,0.0,G1,0.07781509200387642
1.04,0.0,G2,0.8231180539829877
1.04,0.0,G3,0.4315890508028828
1.04,0.1,G1,0.07212401151624724
1.04,0.1,G2,0.736894201346795
1.04,0.1,G3,0.39908975379238054
1.04,0.2,G1,0.06754196088490244
1.04,0.2,G2,0.6736178685115075
1.04,0.2,G3,0.3729612170226843
1.04,0.30000000000000004,G1,0.06385647589268711
1.04,0.30000000000000004,G2,0.6270109054742938
1.04,0.30000000000000004,G3,0.351974444039165
1.04,0.4,G1,0.06087685589348719
1.04,0.4,G2,0.5922557408086825
1.04,0.4,G3,0.3350598142746175
1.04,0.5,G1,0.058450912475374664
1.04,0.5,G2,0.5658814809524837
1.04,0.5,G3,0.32133374500034817
1.04,0.6000000000000001,G1,0.056455444866657496
1.04,0.6000000000000001,G2,0.5454798630483744
1.04,0.6000000000000001,G3,0.3101026313452118
1.04,0.7000000000000001,G1,0.054796106515130276
1.04,0.7000000000000001,G2,0.529402195870311
1.04,0.7000000000000001,G3,0.30082353132531175
1.04,0.8,G1,0.053402257047293324
1.04,0.8,G2,0.5165032665007979
1.04,0.8,G3,0.2930806856558971
1.04,0.9,G1,0.05222071208203697
1.04,0.9,G2,0.505988318554575
1.04,0.9,G3,0.28656069495732667
1.04,1.0,G1,0.051205645399102453
1.04,1.0,G2,0.49729325079895986
1.04,1.0,G3,0.2810231067696693
1.04,1.1,G1,0.05033247417301268
1.04,1.1,G2,0.49001057919561497
1.04,1.1,G3,0.2762815694413288
1.04,1.2000000000000002,G1,0.049573178519842824
1.04,1.2000000000000002,G2,0.483840990145224
1.04,1.2000000000000002,G3,0.2721855210681636
1.04,1.3,G1,0.04890866280834012
1.04,1.3,G2,0.478561353601644
1.04,1.3,G3,0.26862932641297327
1.04,1.4000000000000001,G1,0.048318858927552895
1.04,1.4000000000000001,G2,0.4740026367941623
1.04,1.4000000000000001,G3,0.26551978642788454
1.04,1.5,G1,0.04779911378183576
1.04,1.5,G2,0.47003469980542306
1.04,1.5,G3,0.2627863307216706
1.04,1.6,G1,0.04733725123058945
1.04,1.6,G2,0.46655625255994077
1.04,1.6,G3,0.2603682769384103
1.04,1.7000000000000002,G1,0.04692153881424072
1.04,1.7000000000000002,G2,0.463488841723438
1.04,1.7000000000000002,G3,0.2582200861115286
1.04,1.8,G1,0.04654907559206217
1.04,1.8,G2,0.4607671077881556
1.04,1.8,G3,0.25630315943537113
1.04,1.9000000000000001,G1,0.04621356537774491
1.04,1.9000000000000001,G2,0.4583396816500149
1.04,1.9000000000000001,G3,0.2545854718668143
1.04,2.0,G1,0.045909191999669356
1.04,2.0,G2,0.45616484971938465
1.04,2.0,G3,0.25303701037196624
1.06,0.0,G1,0.07857770662390576
1.06,0.0,G2,0.8311863613687563
1.06,0.0,G3,0.4358201345843139
1.06,0.1,G1,0.07288794155988414
1.06,0.1,G2,0.7449780776157906
1.06,0.1,G3,0.4033260672626858
1.06,0.2,G1,0.06830956365711602
1.06,0.2,G2,0.681726071650938
1.06,0.2,G3,0.3772091017445477
1.06,0.30000000000000004,G1,0.06462476481091407
1.06,0.30000000000000004,G2,0.6351375497079198
1.06,0.30000000000000004,G3,0.3562346071645942
1.06,0.4,G1,0.06164717404942835
1.06,0.4,G2,0.6003938165767615
1.06,0.4,G3,0.3393311759506866
1.06,0.5,G1,0.05922263201255291
1.06,0.5,G2,0.5740225621594579
1.06,0.5,G3,0.32561465528637074
1.06,0.6000000000000001,G1,0.05722790457723801
1.06,0.6000000000000001,G2,0.5536231213566882
1.06,0.6000000000000001,G3,0.31438799103738924
1.06,0.7000000000000001,G1,0.05556955588287216
1.06,0.7000000000000001,G2,0.5375393434271305
1.06,0.7000000000000001,G3,0.3051120194683243
1.06,0.8,G1,0.0541759625667425
1.06,0.8,G2,0.5246381336617676
1.06,0.8,G3,0.29737303320307484
1.06,0.9,G1,0.052994627542174634
1.06,0.9,G2,0.5141193774983582
1.06,0.9,G3,0.2908556919960569
1.06,1.0,G1,0.051979648565049344
1.06,1.0,G2,0.5054208407748171
1.06,1.0,G3,0.2853174125000525
1.06,1.1,G1,0.05110611792467172
1.06,1.1,G2,0.4981348593901333
1.06,1.1,G3,0.2805753642233675
1.06,1.2000000000000002,G1,0.05034649462106294
1.06,1.2000000000000002,G2,0.49196226642291047
1.06,1.2000000000000002,G3,0.27648409955519254
1.06,1.3,G1,0.049681657877462516
1.06,1.3,G2,0.4866799516099216
1.06,1.3,G3,0.27292453793843996
1.06,1.4000000000000001,G1,0.049095913311172724
1.06,1.4000000000000001,G2,0.4821188532129206
1.06,1.4000000000000001,G3,0.2698148404938498
1.06,1.5,G1,0.048572690365139594
1.06,1.5,G2,0.4781489759152433
1.06,1.5,G3,0.2670798993414342
1.06,1.6,G1,0.04810954398871221
1.06,1.6,G2,0.4746678031671602
1.06,1.6,G3,0.2646618254526027
1.06,1.7000000000000002,G1,0.04769501022889831
1.06,1.7000000000000002,G2,0.4715976546074403
1.06,1.7000000000000002,G3,0.26251478023215574
1.06,1.8,G1,0.047323496270214885
1.06,1.8,G2,0.46887519679784984
1.06,1.8,G3,0.2605973674497555
1.06,1.9000000000000001,G1,0.0469858689762202
1.06,1.9000000000000001,G2,0.46644601007231307
1.06,1.9000000000000001,G3,0.2588791513788667
1.06,2.0,G1,0.046681541170531804
1.06,2.0,G2,0.4642699097455072
1.06,2.0,G3,0.2573335205145428
1.08,0.0,G1,0.07934043380376148
1.08,0.0,G2,0.839256943698003
1.08,0.0,G3,0.4400508815622363
1.08,0.1,G1,0.07365057135365961
1.08,0.1,G2,0.7530615820813045
1.08,0.1,G3,0.40756225044224675
1.08,0.2,G1,0.06907318129410914
1.08,0.2,G2,0.6898344243037189
1.08,0.2,G3,0.38145656993484917
1.08,0.30000000000000004,G1,0.06539292091393326
1.08,0.30000000000000004,G2,0.6432626315579275
1.08,0.30000000000000004,G3,0.360495328698378
1.08,0.4,G1,0.06241859359282638
1.08,0.4,G2,0.608528024873811
1.08,0.4,G3,0.3436005253760908
1.08,0.5,G1,0.059994104972013726
1.08,0.5,G2,0.5821617019632174
1.08,0.5,G3,0.32989279192430165
1.08,0.6000000000000001,G1,0.05800035845857361
1.08,0.6000000000000001,G2,0.5617614748780483
1.08,0.6000000000000001,G3,0.3186723964270347
1.08,0.7000000000000001,G1,0.05634268550064739
1.08,0.7000000000000001,G2,0.54567519572124
1.08,0.7000000000000001,G3,0.3093999979680058
1.08,0.8,G1,0.05494951213125265
1.08,0.8,G2,0.5327711668135798
1.08,0.8,G3,0.30166512657364813
1.08,0.9,G1,0.053767643980877675
1.08,0.9,G2,0.5222503417126038
1.08,0.9,G3,0.29514889679366846
1.08,1.0,G1,0.05275421553630239
1.08,1.0,G2,0.5135465724832889
1.08,1.0,G3,0.28961138872451675
1.08,1.1,G1,0.05187972076937548
1.08,1.1,G2,0.5062577485253295
1.08,1.1,G3,0.28486934016939475
1.08,1.2000000000000002,G1,0.05111974347756476
1.08,1.2000000000000002,G2,0.5000816050924425
1.08,1.2000000000000002,G3,0.2807763157072691
1.08,1.3,G1,0.05045455151520886
1.08,1.3,G2,0.49479687145282136
1.08,1.3,G3,0.2772212798519373
1.08,1.4000000000000001,G1,0.049867009666315076
1.08,1.4000000000000001,G2,0.4902334238021025
1.08,1.4000000000000001,G3,0.2741114048783205
1.08,1.5,G1,0.04934814001071082
1.08,1.5,G2,0.48626147277874376
1.08,1.5,G3,0.27137286842518854
1.08,1.6,G1,0.04888605483056297
1.08,1.6,G2,0.4827797095003532
1.08,1.6,G3,0.26895448197881194
1.08,1.7000000000000002,G1,0.04846804124144923
1.08,1.7000000000000002,G2,0.4797081728690164
1.08,1.7000000000000002,G3,0.26680582147177334
1.08,1.8,G1,0.048095274619351515
1.08,1.8,G2,0.47698301810713717
1.08,1.8,G3,0.2648882507946568
1.08,1.9000000000000001,G1,0.047758868305342754
1.08,1.9000000000000001,G2,0.47455105905176004
1.08,1.9000000000000001,G3,0.2631712309374787
1.08,2.0,G1,0.04745542682443318
1.08,2.0,G2,0.47237581602634604
1.08,2.0,G3,0.26162514754150135
1.1,0.0,G1,0.08010348584670746
1.1,0.0,G2,0.8473269758183349
1.1,0.0,G3,0.444281652661154
1.1,0.1,G1,0.0744160437707399
1.1,0.1,G2,0.7611432093645701
1.1,0.1,G3,0.4117983081833296
1.1,0.2,G1,0.06984070107277018
1.1,0.2,G2,0.6979407613036683
1.1,0.2,G3,0.3857036037821628
1.1,0.30000000000000004,G1,0.06616062625137238
1.1,0.30000000000000004,G2,0.6513862230101708
1.1,0.30000000000000004,G3,0.3647539717720064
1.1,0.4,G1,0.0631884248735746
1.1,0.4,G2,0.61666146760242
1.1,0.4,G3,0.3478679446156182
1.1,0.5,G1,0.060765351421063686
1.1,0.5,G2,0.5902991181189813
1.1,0.5,G3,0.3341696677894727
1.1,0.6000000000000001,G1,0.05877254411899141
1.1,0.6000000000000001,G2,0.5698978522704043
1.1,0.6000000000000001,G3,0.3229544504988724
1.1,0.7000000000000001,G1,0.05711521238578722
1.1,0.7000000000000001,G2,0.553811871798203
1.1,0.7000000000000001,G3,0.31368626968220265
1.1,0.8,G1,0.05572275509582746
1.1,0.8,G2,0.5409009331332206
1.1,0.8,G3,0.3059525010486203
1.1,0.9,G1,0.054540805063797416
1.1,0.9,G2,0.5303767973607307
1.1,0.9,G3,0.29943903407807243
1.1,1.0,G1,0.053528875264307794
1.1,1.0,G2,0.5216723497450211
1.1,1.0,G3,0.29390200240168607
1.1,1.1,G1,0.05265437000496587
1.1,1.1,G2,0.5143783899247552
1.1,1.1,G3,0.28916109738152856
1.1,1.2000000000000002,G1,0.051893000919459954
1.1,1.2000000000000002,G2,0.5082010106104712
1.1,1.2000000000000002,G3,0.28506872961328833
1.1,1.3,G1,0.05122709955591342
1.1,1.3,G2,0.5029120859966633
1.1,1.3,G3,0.2815118737756345
1.1,1.4000000000000001,G1,0.05064118123670608
1.1,1.4000000000000001,G2,0.49834649318635726
1.1,1.4000000000000001,G3,0.2784012405763895
1.1,1.5,G1,0.05012044824586047
1.1,1.5,G2,0.494372500271237
1.1,1.5,G3,0.2756674441279066
1.1,1.6,G1,0.04965811049439164
1.1,1.6,G2,0.4908889171281084
1.1,1.6,G3,0.2732453986335505
1.1,1.7000000000000002,G1,0.049242999137356976
1.1,1.7000000000000002,G2,0.48781576377677754
1.1,1.7000000000000002,G3,0.2710963830597832
1.1,1.8,G1,0.048871267377404146
1.1,1.8,G2,0.48508917760387155
1.1,1.8,G3,0.2691784346008258
1.1,1.9000000000000001,G1,0.04853139310246448
1.1,1.9000000000000001,G2,0.48265761950541153
1.1,1.9000000000000001,G3,0.26745960999968776
1.1,2.0,G1,0.04822656961957451
1.1,2.0,G2,0.4804790555058078
1.1,2.0,G3,0.2659132987415114
1.12,0.0,G1,0.08086416027974674
1.12,0.0,G2,0.8553970046929784
1.12,0.0,G3,0.44851579691761573
1.12,0.1,G1,0.07517873117676246
1.12,0.1,G2,0.7692275880739462
1.12,0.1,G3,0.41603424542379547
1.12,0.2,G1,0.07060741912669977
1.12,0.2,G2,0.7060428515066535
1.12,0.2,G3,0.389950193981225
1.12,0.30000000000000004,G1,0.06692866396070905
1.12,0.30000000000000004,G2,0.659508996547831
1.12,0.30000000000000004,G3,0.36900999669074686
1.12,0.4,G1,0.06395807532509312
1.12,0.4,G2,0.6247931290810493
1.12,0.4,G3,0.3521374571110505
1.12,0.5,G1,0.06153641596729887
1.12,0.5,G2,0.598434937423497
1.12,0.5,G3,0.33844440895616684
1.12,0.6000000000000001,G1,0.059544472611087584
1.12,0.6000000000000001,G2,0.5780325185697252
1.12,0.6000000000000001,G3,0.32723616346535256
1.12,0.7000000000000001,G1,0.05788774398433548
1.12,0.7000000000000001,G2,0.5619438813016056
1.12,0.7000000000000001,G3,0.31797086694120164
1.12,0.8,G1,0.05649568623089738
1.12,0.8,G2,0.5490327010484826
1.12,0.8,G3,0.3102398768938987
1.12,0.9,G1,0.05531397359260355
1.12,0.9,G2,0.5385013681362231
1.12,0.9,G3,0.30372699980275075
1.12,1.0,G1,0.05430193619255968
1.12,1.0,G2,0.5297938179295522
1.12,1.0,G3,0.2981934469381631
1.12,1.1,G1,0.05342820616277739
1.12,1.1,G2,0.5224981255983866
1.12,1.1,G3,0.2934512525332448
1.12,1.2000000000000002,G1,0.05266728845490415
1.12,1.2000000000000002,G2,0.5163168956577872
1.12,1.2000000000000002,G3,0.2893590161852509
1.12,1.3,G1,0.05200006435014036
1.12,1.3,G2,0.5110254927969667
1.12,1.3,G3,0.2858017292377093
1.12,1.4000000000000001,G1,0.05141612928647331
1.12,1.4000000000000001,G2,0.5064588130612567
1.12,1.4000000000000001,G3,0.28269188009508084
1.12,1.5,G1,0.0508935637395858
1.12,1.5,G2,0.5024820188007664
1.12,1.5,G3,0.27995568422793526
1.12,1.6,G1,0.0504300760330156
1.12,1.6,G2,0.49899659583130374
1.12,1.6,G3,0.2775361918844687
1.12,1.7000000000000002,G1,0.05001460475457157
1.12,1.7000000000000002,G2,0.49592207464593263
1.12,1.7000000000000002,G3,0.2753886406585348
1.12,1.8,G1,0.049642813266401596
1.12,1.8,G2,0.4931940741091925
1.12,1.8,G3,0.27346697375681844
1.12,1.9000000000000001,G1,0.04930584642246695
1.12,1.9000000000000001,G2,0.4907612433580022
1.12,1.9000000000000001,G3,0.2717477550151735
1.12,2.0,G1,0.049002083216873875
1.12,2.0,G2,0.48858153823352746
1.12,2.0,G3,0.270201040893911
1.1400000000000001,0.0,G1,0.0816275939070767
1.1400000000000001,0.0,G2,0.8634670223532251
1.1400000000000001,0.0,G3,0.4527447393454589
1.1400000000000001,0.1,G1,0.07594314564377806
1.1400000000000001,0.1,G2,0.7773101714363944
1.1400000000000001,0.1,G3,0.4202701993087496
1.1400000000000001,0.2,G1,0.07137079832411483
1.1400000000000001,0.2,G2,0.7141474050733004
1.1400000000000001,0.2,G3,0.39419555766819353
1.1400000000000001,0.30000000000000004,G1,0.06769639621840551
1.1400000000000001,0.30000000000000004,G2,0.6676304250849425
1.1400000000000001,0.30000000000000004,G3,0.373269256885953
1.1400000000000001,0.4,G1,0.06472755512190834
1.1400000000000001,0.4,G2,0.6329230791389578
1.1400000000000001,0.4,G3,0.35640446875896636
1.1400000000000001,0.5,G1,0.06230860243364657
1.1400000000000001,0.5,G2,0.6065672073787043
1.1400000000000001,0.5,G3,0.34271949047502387
1.1400000000000001,0.6000000000000001,G1,0.060316154458257616
1.1400000000000001,0.6000000000000001,G2,0.5861650004717344
1.1400000000000001,0.6000000000000001,G3,0.3315159955191517
1.1400000000000001,0.7000000000000001,G1,0.058660009159561426
1.1400000000000001,0.7000000000000001,G2,0.5700741304010488
1.1400000000000001,0.7000000000000001,G3,0.3222541744460395
1.1400000000000001,0.8,G1,0.05726802015018414
1.1400000000000001,0.8,G2,0.5571594464991245
1.1400000000000001,0.8,G3,0.31452563587894583
1.1400000000000001,0.9,G1,0.05608684338848789
1.1400000000000001,0.9,G2,0.5466249438932321
1.1400000000000001,0.9,G3,0.30801469083412103
1.1400000000000001,1.0,G1,0.05507491457183948
1.1400000000000001,1.0,G2,0.53791349105396
1.1400000000000001,1.0,G3,0.30248039900122065
1.1400000000000001,1.1,G1,0.05420103692490114
1.1400000000000001,1.1,G2,0.5306160848446589
1.1400000000000001,1.1,G3,0.29774086860014837
1.1400000000000001,1.2000000000000002,G1,0.05344086395240823
1.1400000000000001,1.2000000000000002,G2,0.5244319588978162
1.1400000000000001,1.2000000000000002,G3,0.2936475946799138
1.1400000000000001,1.3,G1,0.0527736394393607
1.1400000000000001,1.3,G2,0.519140008810954
1.1400000000000001,1.3,G3,0.2900912870573881
1.1400000000000001,1.4000000000000001,G1,0.0521887599989951
1.1400000000000001,1.4000000000000001,G2,0.5145688238271924
1.1400000000000001,1.4000000000000001,G3,0.28698014886599515
1.1400000000000001,1.5,G1,0.05166560245031
1.1400000000000001,1.5,G2,0.5105898578823396
1.1400000000000001,1.5,G3,0.28424442567986
1.1400000000000001,1.6,G1,0.05120187506441578
1.1400000000000001,1.6,G2,0.5071045268770404
1.1400000000000001,1.6,G3,0.2818247196533899
1.1400000000000001,1.7000000000000002,G1,0.050787570279788696
1.1400000000000001,1.7000000000000002,G2,0.5040270881103112
1.1400000000000001,1.7000000000000002,G3,0.2796746119536593
1.1400000000000001,1.8,G1,0.050414269165383954
1.1400000000000001,1.8,G2,0.5012976496663215
1.1400000000000001,1.8,G3,0.27775554325062685
1.1400000000000001,1.9000000000000001,G1,0.05007707277259312
1.1400000000000001,1.9000000000000001,G2,0.4988635402214706
1.1400000000000001,1.9000000000000001,G3,0.2760376902286244
1.1400000000000001,2.0,G1,0.04977151501533056
1.1400000000000001,2.0,G2,0.49668292363578953
1.1400000000000001,2.0,G3,0.27449057322560416
1.1600000000000001,0.0,G1,0.08239025693870751
1.1600000000000001,0.0,G2,0.8715370210452198
1.1600000000000001,0.0,G3,0.45697624823760863
1.1600000000000001,0.1,G1,0.07670738544523098
1.1600000000000001,0.1,G2,0.7853924579809689
1.1600000000000001,0.1,G3,0.42450619264581946
1.1600000000000001,0.2,G1,0.07213737536196609
1.1600000000000001,0.2,G2,0.7222510998142276
1.1600000000000001,0.2,G3,0.3984447690569225
1.1600000000000001,0.30000000000000004,G1,0.06846284409593258
1.1600000000000001,0.30000000000000004,G2,0.6757505367937469
1.1600000000000001,0.30000000000000004,G3,0.3775261505354046
1.1600000000000001,0.4,G1,0.06549687420058309
1.1600000000000001,0.4,G2,0.6410513888240869
1.1600000000000001,0.4,G3,0.3606711345946502
1.1600000000000001,0.5,G1,0.06307914610883461
1.1600000000000001,0.5,G2,0.6146986067529369
1.1600000000000001,0.5,G3,0.3469924401725205
1.1600000000000001,0.6000000000000001,G1,0.061087633062637196
1.1600000000000001,0.6000000000000001,G2,0.5942971973873242
1.1600000000000001,0.6000000000000001,G3,0.3357945537144261
1.1600000000000001,0.7000000000000001,G1,0.059432018712811396
1.1600000000000001,0.7000000000000001,G2,0.5782028765446792
1.1600000000000001,0.7000000000000001,G3,0.3265372867207631
1.1600000000000001,0.8,G1,0.05804037827366537
1.1600000000000001,0.8,G2,0.5652848974115746
1.1600000000000001,0.8,G3,0.31881049274314793
1.1600000000000001,0.9,G1,0.056859113947488264
1.1600000000000001,0.9,G2,0.554750155469375
1.1600000000000001,0.9,G3,0.31230050905401274
1.1600000000000001,1.0,G1,0.05584760795202273
1.1600000000000001,1.0,G2,0.5460323833209294
1.1600000000000001,1.0,G3,0.30676809061384247
1.1600000000000001,1.1,G1,0.054973757582843806
1.1600000000000001,1.1,G2,0.53873130429872
1.1600000000000001,1.1,G3,0.3020266953964228
1.1600000000000001,1.2000000000000002,G1,0.05421338550843337
1.1600000000000001,1.2000000000000002,G2,0.5325458201474252
1.1600000000000001,1.2000000000000002,G3,0.2979360967420201
1.1600000000000001,1.3,G1,0.05354744062124039
1.1600000000000001,1.3,G2,0.5272507821578738
1.1600000000000001,1.3,G3,0.2943789355684856
1.1600000000000001,1.4000000000000001,G1,0.05296134205477219
1.1600000000000001,1.4000000000000001,G2,0.5226783371557444
1.1600000000000001,1.4000000000000001,G3,0.29126962709915105
1.1600000000000001,1.5,G1,0.052438045560177435
1.1600000000000001,1.5,G2,0.518699027359834
1.1600000000000001,1.5,G3,0.2885310987517606
1.1600000000000001,1.6,G1,0.05197392033728623
1.1600000000000001,1.6,G2,0.5152094987083555
1.1600000000000001,1.6,G3,0.2861108254214203
1.1600000000000001,1.7000000000000002,G1,0.051561451536538794
1.1600000000000001,1.7000000000000002,G2,0.5121309642956322
1.1600000000000001,1.7000000000000002,G3,0.28396120632194466
1.1600000000000001,1.8,G1,0.05118567158796595
1.1600000000000001,1.8,G2,0.5093995299508327
1.1600000000000001,1.8,G3,0.2820418479719472
1.1600000000000001,1.9000000000000001,G1,0.05084939017623082
1.1600000000000001,1.9000000000000001,G2,0.5069663755366454
1.1600000000000001,1.9000000000000001,G3,0.280321558688646
1.1600000000000001,2.0,G1,0.050544275407625364
1.1600000000000001,2.0,G2,0.5047836941065368
1.1600000000000001,2.0,G3,0.27877376627013867
1.18,0.0,G1,0.08315500416546223
1.18,0.0,G2,0.8796036472147006
1.18,0.0,G3,0.46120767656547124
1.18,0.1,G1,0.07747234780105604
1.18,0.1,G2,0.7934744535810886
1.18,0.1,G3,0.42874186540829806
1.18,0.2,G1,0.07290341433639932
1.18,0.2,G2,0.7303539569355308
1.18,0.2,G3,0.4026902946791359
1.18,0.30000000000000004,G1,0.06923043577075846
1.18,0.30000000000000004,G2,0.6838693707966266
1.18,0.30000000000000004,G3,0.38178241159700654
1.18,0.4,G1,0.06626572825449104
1.18,0.4,G2,0.6491781315952357
1.18,0.4,G3,0.36493710583591804
1.18,0.5,G1,0.06384949254651692
1.18,0.5,G2,0.6228283020843046
1.18,0.5,G3,0.3512651119672657
1.18,0.6000000000000001,G1,0.061858910176659655
1.18,0.6000000000000001,G2,0.6024259594426032
1.18,0.6000000000000001,G3,0.34007218579957554
1.18,0.7000000000000001,G1,0.06020378293230399
1.18,0.7000000000000001,G2,0.5863292113351559
1.18,0.7000000000000001,G3,0.3308180449883096
1.18,0.8,G1,0.058812479396136416
1.18,0.8,G2,0.5734087050769505
1.18,0.8,G3,0.32309302195255407
1.18,0.9,G1,0.05763140516091388
1.18,0.9,G2,0.5628695734499426
1.18,0.9,G3,0.3165837819448227
1.18,1.0,G1,0.05661971325806679
1.18,1.0,G2,0.5541527724400789
1.18,1.0,G3,0.311053325996994
1.18,1.1,G1,0.05574620569609491
1.18,1.1,G2,0.5468458109908179
1.18,1.1,G3,0.30631343922935844
1.18,1.2000000000000002,G1,0.05498581167504674
1.18,1.2000000000000002,G2,0.5406570394070261
1.18,1.2000000000000002,G3,0.3022208309903162
1.18,1.3,G1,0.054319600740285016
1.18,1.3,G2,0.5353596988744875
1.18,1.3,G3,0.29866558131330906
1.18,1.4000000000000001,G1,0.05373256953059363
1.18,1.4000000000000001,G2,0.5307864987278572
1.18,1.4000000000000001,G3,0.2955538694104602
1.18,1.5,G1,0.05321170825914573
1.18,1.5,G2,0.5268046955839412
1.18,1.5,G3,0.2928178465602144
1.18,1.6,G1,0.05274686984398044
1.18,1.6,G2,0.5233141574058419
1.18,1.6,G3,0.2903966543674254
1.18,1.7000000000000002,G1,0.052333176694530206
1.18,1.7000000000000002,G2,0.5202357028143751
1.18,1.7000000000000002,G3,0.2882457868387817
1.18,1.8,G1,0.05195719961889446
1.18,1.8,G2,0.5175031454854849
1.18,1.8,G3,0.2863258701447048
1.18,1.9000000000000001,G1,0.05162031657360108
1.18,1.9000000000000001,G2,0.5150661750840018
1.18,1.9000000000000001,G3,0.2846059637183059
1.18,2.0,G1,0.05131487990058277
1.18,2.0,G2,0.5128827097813429
1.18,2.0,G3,0.2830578443972201
1.2,0.0,G1,0.08391603456189559
1.2,0.0,G2,0.8876735872133573
1.2,0.0,G3,0.4654385254192118
1.2,0.1,G1,0.07823583563414818
1.2,0.1,G2,0.8015561558545808
1.2,0.1,G3,0.432977714447912
1.2,0.2,G1,0.07366793070374039
1.2,0.2,G2,0.7384559980887541
1.2,0.2,G3,0.4069354855753161
1.2,0.30000000000000004,G1,0.06999990892088924
1.2,0.30000000000000004,G2,0.6919878090078807
1.2,0.30000000000000004,G3,0.3860380274426314
1.2,0.4,G1,0.06703487390963594
1.2,0.4,G2,0.6573039999160516
1.2,0.4,G3,0.36919956934350745
1.2,0.5,G1,0.06461965248227833
1.2,0.5,G2,0.6309563576977376
1.2,0.5,G3,0.3555362396878905
1.2,0.6000000000000001,G1,0.0626312784669769
1.2,0.6000000000000001,G2,0.6105535447233882
1.2,0.6000000000000001,G3,0.3443476168599438
1.2,0.7000000000000001,G1,0.06097533842768903
1.2,0.7000000000000001,G2,0.5944563087502346
1.2,0.7000000000000001,G3,0.33509752012923855
1.2,0.8,G1,0.0595843337499946
1.2,0.8,G2,0.581531382739787
1.2,0.8,G3,0.32737522610272024
1.2,0.9,G1,0.05840344290823996
1.2,0.9,G2,0.5709897738480456
1.2,0.9,G3,0.32086847841100835
1.2,1.0,G1,0.057391836622796503
1.2,1.0,G2,0.562268446606299
1.2,1.0,G3,0.3153353431207894
1.2,1.1,G1,0.05651837419423695
1.2,1.1,G2,0.5549623704012615
1.2,1.1,G3,0.31059769290289174
1.2,1.2000000000000002,G1,0.05575797592562742
1.2,1.2000000000000002,G2,0.5487708750158624
1.2,1.2000000000000002,G3,0.3065059515409009
1.2,1.3,G1,0.05509171487068726
1.2,1.3,G2,0.5434684947995077
1.2,1.3,G3,0.3029491657526983
1.2,1.4000000000000001,G1,0.054504328068509335
1.2,1.4000000000000001,G2,0.5388921979957502
1.2,1.4000000000000001,G3,0.2998396224563053
1.2,1.5,G1,0.053983568079811486
1.2,1.5,G2,0.5349085823728468
1.2,1.5,G3,0.29710160842551897
1.2,1.6,G1,0.053519695779196415
1.2,1.6,G2,0.5314177901381821
1.2,1.6,G3,0.2946807549224832
1.2,1.7000000000000002,G1,0.053104561389952926
1.2,1.7000000000000002,G2,0.5283370043473246
1.2,1.7000000000000002,G3,0.2925305288463939
1.2,1.8,G1,0.05272982557061618
1.2,1.8,G2,0.5256035951040418
1.2,1.8,G3,0.2906096392181444
1.2,1.9000000000000001,G1,0.0523940166579699
1.2,1.9000000000000001,G2,0.523165913235022
1.2,1.9000000000000001,G3,0.28888852019095
1.2,2.0,G1,0.052089347725939414
1.2,2.0,G2,0.5209828587620221
1.2,2.0,G3,0.2873398933699035
1.22,0.0,G1,0.08468107780165413
1.22,0.0,G2,0.8957434896243031
1.22,0.0,G3,0.46966981496258037
1.22,0.1,G1,0.07899933349187929
1.22,0.1,G2,0.8096375653120875
1.22,0.1,G3,0.43721320697634786
1.22,0.2,G1,0.07443499023193717
1.22,0.2,G2,0.7465572455799218
1.22,0.2,G3,0.41118035331709485
1.22,0.30000000000000004,G1,0.07076801177469498
1.22,0.30000000000000004,G2,0.7001042666451311
1.22,0.30000000000000004,G3,0.39029299509136595
1.22,0.4,G1,0.06780369689452735
1.22,0.4,G2,0.6654284745676973
1.22,0.4,G3,0.3734649334339111
1.22,0.5,G1,0.06538963641889273
1.22,0.5,G2,0.6390828391595097
1.22,0.5,G3,0.3598064446275514
1.22,0.6000000000000001,G1,0.06340202942423076
1.22,0.6000000000000001,G2,0.6186795436014845
1.22,0.6000000000000001,G3,0.34862285782036523
1.22,0.7000000000000001,G1,0.061746698964354335
1.22,0.7000000000000001,G2,0.6025796634845257
1.22,0.7000000000000001,G3,0.3393754438911745
1.22,0.8,G1,0.0603559511060223
1.22,0.8,G2,0.5896528889240916
1.22,0.8,G3,0.3316555858826238
1.22,0.9,G1,0.059175237182055335
1.22,0.9,G2,0.5791078832093846
1.22,0.9,G3,0.3251506035190539
1.22,1.0,G1,0.058163713093540154
1.22,1.0,G2,0.5703838006692087
1.22,1.0,G3,0.31962004632211355
1.22,1.1,G1,0.05728997454202132
1.22,1.1,G2,0.563072970033117
1.22,1.1,G3,0.31487972474570136
1.22,1.2000000000000002,G1,0.05652987088768438
1.22,1.2000000000000002,G2,0.5568802376323041
1.22,1.2000000000000002,G3,0.31078898572795105
1.22,1.3,G1,0.05586357582101601
1.22,1.3,G2,0.5515788784946309
1.22,1.3,G3,0.30723222731874167
1.22,1.4000000000000001,G1,0.05527612427126863
1.22,1.4000000000000001,G2,0.5470008421421068
1.22,1.4000000000000001,G3,0.3041209664806049
1.22,1.5,G1,0.0547552787810439
1.22,1.5,G2,0.543012583054037
1.22,1.5,G3,0.3013832768125476
1.22,1.6,G1,0.054291127501285154
1.22,1.6,G2,0.5395190674477884
1.22,1.6,G3,0.2989645454064295
1.22,1.7000000000000002,G1,0.05387557013544925
1.22,1.7000000000000002,G2,0.5364368954417904
1.22,1.7000000000000002,G3,0.29681248631049745
1.22,1.8,G1,0.05350210263039709
1.22,1.8,G2,0.5337021980409603
1.22,1.8,G3,0.29489178983012
1.22,1.9000000000000001,G1,0.05316484215062126
1.22,1.9000000000000001,G2,0.5312648054485546
1.22,1.9000000000000001,G3,0.293171507088854
1.22,2.0,G1,0.05285783367051229
1.22,2.0,G2,0.5290797299164556
1.22,2.0,G3,0.2916207168853314
1.24,0.0,G1,0.08544138647500325
1.24,0.0,G2,0.9038133506093813
1.24,0.0,G3,0.47390261270215717
1.24,0.1,G1,0.0797628663921153
1.24,0.1,G2,0.8177196560850332
1.24,0.1,G3,0.4414483481513314
1.24,0.2,G1,0.07519883861126328
1.24,0.2,G2,0.7546577166526823
1.24,0.2,G3,0.4154249092652779
1.24,0.30000000000000004,G1,0.07153284572697036
1.24,0.30000000000000004,G2,0.7082162343985126
1.24,0.30000000000000004,G3,0.39454646370754515
1.24,0.4,G1,0.06857156541929993
1.24,0.4,G2,0.6735515695231615
1.24,0.4,G3,0.37772791476788964
1.24,0.5,G1,0.06615911482698457
1.24,0.5,G2,0.6472078152385784
1.24,0.5,G3,0.36407682570118965
1.24,0.6000000000000001,G1,0.06417258338299509
1.24,0.6000000000000001,G2,0.626804014110014
1.24,0.6000000000000001,G3,0.3528964213401848
1.24,0.7000000000000001,G1,0.06251917950337105
1.24,0.7000000000000001,G2,0.6107020405510739
1.24,0.7000000000000001,G3,0.3436524140782436
1.24,0.8,G1,0.061127379067562715
1.24,0.8,G2,0.5977733278434832
1.24,0.8,G3,0.3359346973423969
1.24,0.9,G1,0.05994679750576582
1.24,0.9,G2,0.5872253233314884
1.24,0.9,G3,0.3294304990083522
1.24,1.0,G1,0.058935352304840545
1.24,1.0,G2,0.5784977060870684
1.24,1.0,G3,0.3239011123064577
1.24,1.1,G1,0.05806163058270491
1.24,1.1,G2,0.5711852080911458
1.24,1.1,G3,0.31916250286097064
1.24,1.2000000000000002,G1,0.05730121138499251
1.24,1.2000000000000002,G2,0.5649890038972356
1.24,1.2000000000000002,G3,0.3150693802283923
1.24,1.3,G1,0.0566351765998526
1.24,1.3,G2,0.5596850428443284
1.24,1.3,G3,0.31151390460956274
1.24,1.4000000000000001,G1,0.056047674320891236
1.24,1.4000000000000001,G2,0.5551053117552274
1.24,1.4000000000000001,G3,0.3084025679103793
1.24,1.5,G1,0.055526757919788866
1.24,1.5,G2,0.5511182785675973
1.24,1.5,G3,0.30566521843437644
1.24,1.6,G1,0.05506252180898904
1.24,1.6,G2,0.5476234053992113
1.24,1.6,G3,0.30324424679363776
1.24,1.7000000000000002,G1,0.05464687147561649
1.24,1.7000000000000002,G2,0.5445368519536581
1.24,1.7000000000000002,G3,0.30109244220979303
1.24,1.8,G1,0.054273136456436104
1.24,1.8,G2,0.5418012746742685
1.24,1.8,G3,0.2991706927917663
1.24,1.9000000000000001,G1,0.053935776315713634
1.24,1.9000000000000001,G2,0.5393614488260352
1.24,1.9000000000000001,G3,0.2974516375899612
1.24,2.0,G1,0.053630371218252496
1.24,2.0,G2,0.5371753992853381
1.24,2.0,G3,0.2959019858947095
1.26,0.0,G1,0.08620561791964193
1.26,0.0,G2,0.9118831677761422
1.26,0.0,G3,0.47813305933489586
1.26,0.1,G1,0.08052710171541708
1.26,0.1,G2,0.8257995626541204
1.26,0.1,G3,0.4456834305878989
1.26,0.2,G1,0.07596526312008788
1.26,0.2,G2,0.7627558646421834
1.26,0.2,G3,0.419669279280644
1.26,0.30000000000000004,G1,0.07230086181362871
1.26,0.30000000000000004,G2,0.7163304305290661
1.26,0.30000000000000004,G3,0.39880368048124953
1.26,0.4,G1,0.0693398340974327
1.26,0.4,G2,0.681673255195276
1.26,0.4,G3,0.3819901233552919
1.26,0.5,G1,0.06692890289746573
1.26,0.5,G2,0.6553319623396822
1.26,0.5,G3,0.36834313472962144
1.26,0.6000000000000001,G1,0.06494295108783463
1.26,0.6000000000000001,G2,0.6349270135246226
1.26,0.6000000000000001,G3,0.3571692721170155
1.26,0.7000000000000001,G1,0.06329001559303152
1.26,0.7000000000000001,G2,0.6188229899608769
1.26,0.7000000000000001,G3,0.34792958634634563
1.26,0.8,G1,0.06189861007878044
1.26,0.8,G2,0.6058906719046228
1.26,0.8,G3,0.34021275702126286
1.26,0.9,G1,0.06071814348868653
1.26,0.9,G2,0.5953410582609244
1.26,0.9,G3,0.33370965828388205
1.26,1.0,G1,0.05970676343432246
1.26,1.0,G2,0.5866122676694567
1.26,1.0,G3,0.3281811221632227
1.26,1.1,G1,0.05883305727902665
1.26,1.1,G2,0.579295351794563
1.26,1.1,G3,0.32344248185495467
1.26,1.2000000000000002,G1,0.05807261367015371
1.26,1.2000000000000002,G2,0.5730963210909586
1.26,1.2000000000000002,G3,0.3193515068097121
1.26,1.3,G1,0.057406240732216805
1.26,1.3,G2,0.5677912057237907
1.26,1.3,G3,0.31579473449442186
1.26,1.4000000000000001,G1,0.056818689525773056
1.26,1.4000000000000001,G2,0.5632070231675661
1.26,1.4000000000000001,G3,0.31268276496137937
1.26,1.5,G1,0.0562979966710963
1.26,1.5,G2,0.5592198872465454
1.26,1.5,G3,0.30994532759492815
1.26,1.6,G1,0.05583368848339905
1.26,1.6,G2,0.5557240498760164
1.26,1.6,G3,0.3075241352816321
1.26,1.7000000000000002,G1,0.05541795708993364
1.26,1.7000000000000002,G2,0.5526384171549389
1.26,1.7000000000000002,G3,0.3053723380316871
1.26,1.8,G1,0.0550441354778714
1.26,1.8,G2,0.5499020629102661
1.26,1.8,G3,0.3034514222465599
1.26,1.9000000000000001,G1,0.05470668620708415
1.26,1.9000000000000001,G2,0.5474613521620911
1.26,1.9000000000000001,G3,0.3017295162502876
1.26,2.0,G1,0.05440097586635492
1.26,2.0,G2,0.5452712200127807
1.26,2.0,G3,0.30017969357421864
1.28,0.0,G1,0.08696871324812197
1.28,0.0,G2,0.9199529402481145
1.28,0.0,G3,0.48236440508977757
1.28,0.1,G1,0.08128881718103129
1.28,0.1,G2,0.8338800938756432
1.28,0.1,G3,0.4499193748019591
1.28,0.2,G1,0.07673109940734336
1.28,0.2,G2,0.7708565228622227
1.28,0.2,G3,0.42391352830912765
1.28,0.30000000000000004,G1,0.07306852732137986
1.28,0.30000000000000004,G2,0.7244435406683343
1.28,0.30000000000000004,G3,0.40305703370022805
1.28,0.4,G1,0.07011023934444217
1.28,0.4,G2,0.6897943427692627
1.28,0.4,G3,0.38625154922712523
1.28,0.5,G1,0.06769832740580632
1.28,0.5,G2,0.6634548158075669
1.28,0.5,G3,0.3726125938972318
1.28,0.6000000000000001,G1,0.06571270828196511
1.28,0.6000000000000001,G2,0.6430486025981843
1.28,0.6000000000000001,G3,0.3614417241391831
1.28,0.7000000000000001,G1,0.06406065474703147
1.28,0.7000000000000001,G2,0.6269425620426697
1.28,0.7000000000000001,G3,0.3522030105659581
1.28,0.8,G1,0.06267095262126945
1.28,0.8,G2,0.6140076057663947
1.28,0.8,G3,0.34448891936010423
1.28,0.9,G1,0.06148931808096198
1.28,0.9,G2,0.6034545808480859
1.28,0.9,G3,0.3379854845862225
1.28,1.0,G1,0.060477955274536
1.28,1.0,G2,0.5947228309148012
1.28,1.0,G3,0.3324598039950896
1.28,1.1,G1,0.05960426340715725
1.28,1.1,G2,0.5874046879289279
1.28,1.1,G3,0.3277218952807815
1.28,1.2000000000000002,G1,0.05884379542071996
1.28,1.2000000000000002,G2,0.5812031593067966
1.28,1.2000000000000002,G3,0.3236305017796973
1.28,1.3,G1,0.0581773729128906
1.28,1.3,G2,0.5758950454383122
1.28,1.3,G3,0.3200739392359982
1.28,1.4000000000000001,G1,0.05758975623416309
1.28,1.4000000000000001,G2,0.5713110355992729
1.28,1.4000000000000001,G3,0.31696313932769926
1.28,1.5,G1,0.05706871653856689
1.28,1.5,G2,0.5673221644958796
1.28,1.5,G3,0.3142240424694786
1.28,1.6,G1,0.05660461996275387
1.28,1.6,G2,0.5638209814991295
1.28,1.6,G3,0.311802722181246
1.28,1.7000000000000002,G1,0.05618881797574591
1.28,1.7000000000000002,G2,0.5607369028286532
1.28,1.7000000000000002,G3,0.30965071114096515
1.28,1.8,G1,0.05581492040808757
1.28,1.8,G2,0.5579988908061094
1.28,1.8,G3,0.30772951949516797
1.28,1.9000000000000001,G1,0.0554773917964175
1.28,1.9000000000000001,G2,0.5555577329385268
1.28,1.9000000000000001,G3,0.30600730668801857
1.28,2.0,G1,0.05517160045147009
1.28,2.0,G2,0.5533692846063044
1.28,2.0,G3,0.30445751836481494
1.3,0.0,G1,0.08773123195179965
1.3,0.0,G2,0.9280226686808545
1.3,0.0,G3,0.4865957770526297
1.3,0.1,G1,0.08205306610825767
1.3,0.1,G2,0.8419617089462192
1.3,0.1,G3,0.45415506741288186
1.3,0.2,G1,0.0774975470571465
1.3,0.2,G2,0.7789549536436052
1.3,0.2,G3,0.4281573487548238
1.3,0.30000000000000004,G1,0.07383429786931393
1.3,0.30000000000000004,G2,0.7325555937390439
1.3,0.30000000000000004,G3,0.4073098803368227
1.3,0.4,G1,0.07087928774199637
1.3,0.4,G2,0.6979135959773428
1.3,0.4,G3,0.3905121930351663
1.3,0.5,G1,0.06846639543562583
1.3,0.5,G2,0.6715763482813638
1.3,0.5,G3,0.37687933561862663
1.3,0.6000000000000001,G1,0.06648288363688225
1.3,0.6000000000000001,G2,0.6511692037010481
1.3,0.6000000000000001,G3,0.36571336487279166
1.3,0.7000000000000001,G1,0.06483110759410576
1.3,0.7000000000000001,G2,0.6350608071473398
1.3,0.7000000000000001,G3,0.3564766807368405
1.3,0.8,G1,0.06344167097998997
1.3,0.8,G2,0.6221232748338192
1.3,0.8,G3,0.34876476061360173
1.3,0.9,G1,0.06226167043055784
1.3,0.9,G2,0.6115675286816142
1.3,0.9,G3,0.34226408471359665
1.3,1.0,G1,0.061248983802780224
1.3,1.0,G2,0.6028325910248984
1.3,1.0,G3,0.3367358521128178
1.3,1.1,G1,0.06037525737764832
1.3,1.1,G2,0.5955133000988504
1.3,1.1,G3,0.3319997695270729
1.3,1.2000000000000002,G1,0.05961476498763153
1.3,1.2000000000000002,G2,0.5893092947911976
1.3,1.2000000000000002,G3,0.3279087551127405
1.3,1.3,G1,0.05894829373933253
1.3,1.3,G2,0.5839983825959845
1.3,1.3,G3,0.3243520693990297
1.3,1.4000000000000001,G1,0.05836061296051201
1.3,1.4000000000000001,G2,0.5794130550556633
1.3,1.4000000000000001,G3,0.3212385160837144
1.3,1.5,G1,0.0578394999580578
1.3,1.5,G2,0.5754211589913115
1.3,1.5,G3,0.3185021675641536
1.3,1.6,G1,0.05737505411484536
1.3,1.6,G2,0.5719216888829759
1.3,1.6,G3,0.3160802942514441
1.3,1.7000000000000002,G1,0.05695918460472025
1.3,1.7000000000000002,G2,0.5688343902934825
1.3,1.7000000000000002,G3,0.3139262596299631
1.3,1.8,G1,0.05658548354102831
1.3,1.8,G2,0.5660945078758445
1.3,1.8,G3,0.3120063384012868
1.3,1.9000000000000001,G1,0.056247884230705876
1.3,1.9000000000000001,G2,0.5636506557593859
1.3,1.9000000000000001,G3,0.31028390451799204
1.3,2.0,G1,0.05594202053267212
1.3,2.0,G2,0.5614636043953493
1.3,2.0,G3,0.3087338238224834
1.32,0.0,G1,0.08849410363993111
1.32,0.0,G2,0.9360923552272058
1.32,0.0,G3,0.4908271590042835
1.32,0.1,G1,0.08281535602928447
1.32,0.1,G2,0.8500423083194789
1.32,0.1,G3,0.45839062012290305
1.32,0.2,G1,0.07826253688431957
1.32,0.2,G2,0.7870527372411908
1.32,0.2,G3,0.43240111888601274
1.32,0.30000000000000004,G1,0.07460270454719121
1.32,0.30000000000000004,G2,0.7406666189967325
1.32,0.30000000000000004,G3,0.4115622376341588
1.32,0.4,G1,0.07164505998375205
1.32,0.4,G2,0.7060283045674791
1.32,0.4,G3,0.39477114034462224
1.32,0.5,G1,0.06923804276166862
1.32,0.5,G2,0.6796964847125556
1.32,0.5,G3,0.381145231998854
1.32,0.6000000000000001,G1,0.06725257787832271
1.32,0.6000000000000001,G2,0.6592888673878999
1.32,0.6000000000000001,G3,0.36998268114368255
1.32,0.7000000000000001,G1,0.06560092209952743
1.32,0.7000000000000001,G2,0.6431777798033707
1.32,0.7000000000000001,G3,0.36074931144644556
1.32,0.8,G1,0.06421219915880358
1.32,0.8,G2,0.6302377221409418
1.32,0.8,G3,0.35303896234217347
1.32,0.9,G1,0.06303234081732406
1.32,0.9,G2,0.6196793239331744
1.32,0.9,G3,0.34654083525462137
1.32,1.0,G1,0.06201982365939541
1.32,1.0,G2,0.6109418200867593
1.32,1.0,G3,0.34101402758610283
1.32,1.1,G1,0.06114608710285469
1.32,1.1,G2,0.603619508580255
1.32,1.1,G3,0.33627513642288115
1.32,1.2000000000000002,G1,0.06038553038295713
1.32,1.2000000000000002,G2,0.5974148113709047
1.32,1.2000000000000002,G3,0.3321856222810533
1.32,1.3,G1,0.05971901113548454
1.32,1.3,G2,0.5921023445918407
1.32,1.3,G3,0.3286287742608316
1.32,1.4000000000000001,G1,0.059131267550023986
1.32,1.4000000000000001,G2,0.5875144968086091
1.32,1.4000000000000001,G3,0.3255176177369151
1.32,1.5,G1,0.058610082873704256
1.32,1.5,G2,0.5835209208367792
1.32,1.5,G3,0.3227781507139099
1.32,1.6,G1,0.05814556053071605
1.32,1.6,G2,0.5800199621908221
1.32,1.6,G3,0.32035694331053904
1.32,1.7000000000000002,G1,0.05772961241566657
1.32,1.7000000000000002,G2,0.5769313538814452
1.32,1.7000000000000002,G3,0.3182033887421024
1.32,1.8,G1,0.057355573126494926
1.32,1.8,G2,0.5741909802510825
1.32,1.8,G3,0.31628127985881177
1.32,1.9000000000000001,G1,0.05701790646551485
1.32,1.9000000000000001,G2,0.5717470790455041
1.32,1.9000000000000001,G3,0.3145586361699807
1.32,2.0,G1,0.05671222918463903
1.32,2.0,G2,0.5695574214077109
1.32,2.0,G3,0.3130088212173285
1.34,0.0,G1,0.0892569744163703
1.34,0.0,G2,0.944162003455619
1.34,0.0,G3,0.49505852402359923
1.34,0.1,G1,0.08358005516755429
1.34,0.1,G2,0.8581226937327895
1.34,0.1,G3,0.46262604229027676
1.34,0.2,G1,0.07902750695441703
1.34,0.2,G2,0.7951498874662201
1.34,0.2,G3,0.4366445304952734
1.34,0.30000000000000004,G1,0.07536839777077302
1.34,0.30000000000000004,G2,0.7487766418169058
1.34,0.30000000000000004,G3,0.41581412238751786
1.34,0.4,G1,0.07241400312904388
1.34,0.4,G2,0.7141451879856198
1.34,0.4,G3,0.3990337915370734
1.34,0.5,G1,0.070006571967596
1.34,0.5,G2,0.687815928676988
1.34,0.5,G3,0.38541027220351737
1.34,0.6000000000000001,G1,0.06802253793155533
1.34,0.6000000000000001,G2,0.6674073038854617
1.34,0.6000000000000001,G3,0.37425178710013374
1.34,0.7000000000000001,G1,0.06637118909057918
1.34,0.7000000000000001,G2,0.6512939787966718
1.34,0.7000000000000001,G3,0.3650223684121023
1.34,0.8,G1,0.06498254749547953
1.34,0.8,G2,0.6383509935994672
1.34,0.8,G3,0.3573124737404624
1.34,0.9,G1,0.06380282169128867
1.34,0.9,G2,0.6277900044635962
1.34,0.9,G3,0.350814325024297
1.34,1.0,G1,0.06279177597168106
1.34,1.0,G2,0.6190500011273663
1.34,1.0,G3,0.3452889314208314
1.34,1.1,G1,0.06191674097023331
1.34,1.1,G2,0.6117253728154531
1.34,1.1,G3,0.34055237096081026
1.34,1.2000000000000002,G1,0.061156139477178025
1.34,1.2000000000000002,G2,0.6055177100209298
1.34,1.2000000000000002,G3,0.3364600188136346
1.34,1.3,G1,0.06048953271796214
1.34,1.3,G2,0.6002051723846148
1.34,1.3,G3,0.3329045212489499
1.34,1.4000000000000001,G1,0.059901727512929
1.34,1.4000000000000001,G2,0.5956154335674438
1.34,1.4000000000000001,G3,0.3297925614204668
1.34,1.5,G1,0.059380472701574316
1.34,1.5,G2,0.5916201919154503
1.34,1.5,G3,0.32705427347369437
1.34,1.6,G1,0.05891587560412963
1.34,1.6,G2,0.5881177637411934
1.34,1.6,G3,0.3246324631349384
1.34,1.7000000000000002,G1,0.058499850738739805
1.34,1.7000000000000002,G2,0.5850290168525949
1.34,1.7000000000000002,G3,0.32247848881895447
1.34,1.8,G1,0.0581257344442851
1.34,1.8,G2,0.5822863266098147
1.34,1.8,G3,0.32055522522729185
1.34,1.9000000000000001,G1,0.05778799165421361
1.34,1.9000000000000001,G2,0.5798413905073322
1.34,1.9000000000000001,G3,0.3188340604279961
1.34,2.0,G1,0.05748199078679528
1.34,2.0,G2,0.5776508135104738
1.34,2.0,G3,0.31728341375141156
1.36,0.0,G1,0.09001984019405941
1.36,0.0,G2,0.9522316182257126
1.36,0.0,G3,0.49928969596915274
1.36,0.1,G1,0.08434308290266584
1.36,0.1,G2,0.8662028629863159
1.36,0.1,G3,0.4668616461277684
1.36,0.2,G1,0.07979249517593942
1.36,0.2,G2,0.8032464137629911
1.36,0.2,G3,0.4408872561529649
1.36,0.30000000000000004,G1,0.07613601407245889
1.36,0.30000000000000004,G2,0.756885699392607
1.36,0.30000000000000004,G3,0.4200657087128552
1.36,0.4,G1,0.073182576476065
1.36,0.4,G2,0.7222609328175605
1.36,0.4,G3,0.40329246350451886
1.36,0.5,G1,0.0707761010324793
1.36,0.5,G2,0.695933769317728
1.36,0.5,G3,0.38967445517469596
1.36,0.6000000000000001,G1,0.06879196599449654
1.36,0.6000000000000001,G2,0.6755245464190834
1.36,0.6000000000000001,G3,0.3785200237088595
1.36,0.7000000000000001,G1,0.06714093607924376
1.36,0.7000000000000001,G2,0.6594093005699776
1.36,0.7000000000000001,G3,0.3692927108723371
1.36,0.8,G1,0.06575229370560075
1.36,0.8,G2,0.6464631402150747
1.36,0.8,G3,0.36158544598815806
1.36,0.9,G1,0.06457312315513532
1.36,0.9,G2,0.6358996097548942
1.36,0.9,G3,0.3550877208816296
1.36,1.0,G1,0.06356213144470085
1.36,1.0,G2,0.6271571676487788
1.36,1.0,G3,0.34956288982436723
1.36,1.1,G1,0.06268852749318064
1.36,1.1,G2,0.6198302833636976
1.36,1.1,G3,0.3448263423427095
1.36,1.2000000000000002,G1,0.061926579642588936
1.36,1.2000000000000002,G2,0.6136205756039901
1.36,1.2000000000000002,G3,0.3407363924150251
1.36,1.3,G1,0.061259913004267245
1.36,1.3,G2,0.6083049769185198
1.36,1.3,G3,0.33717762873884094
1.36,1.4000000000000001,G1,0.060672006094834086
1.36,1.4000000000000001,G2,0.6037141920131693
1.36,1.4000000000000001,G3,0.3340671316413637
1.36,1.5,G1,0.060150676561591225
1.36,1.5,G2,0.5997190455861034
1.36,1.5,G3,0.33132867232325375
1.36,1.6,G1,0.05968600635117302
1.36,1.6,G2,0.596215160253082
1.36,1.6,G3,0.32890631612228033
1.36,1.7000000000000002,G1,0.05926990649732
1.36,1.7000000000000002,G2,0.5931239618085904
1.36,1.7000000000000002,G3,0.3267532114331805
1.36,1.8,G1,0.058895715013217935
1.36,1.8,G2,0.5903812879900662
1.36,1.8,G3,0.32483133193106123
1.36,1.9000000000000001,G1,0.05855789791961441
1.36,1.9000000000000001,G2,0.5879353311193196
1.36,1.9000000000000001,G3,0.323107103091574
1.36,2.0,G1,0.058251824318528655
1.36,2.0,G2,0.5857438829437137
1.36,2.0,G3,0.3215552104405264
1.3800000000000001,0.0,G1,0.09078269712544358
1.3800000000000001,0.0,G2,0.9603045531023566
1.3800000000000001,0.0,G3,0.5035207554883697
1.3800000000000001,0.1,G1,0.08510802641689334
1.3800000000000001,0.1,G2,0.8742794677058295
1.3800000000000001,0.1,G3,0.4710964083965755
1.3800000000000001,0.2,G1,0.0805554490959152
1.3800000000000001,0.2,G2,0.8113423269661253
1.3800000000000001,0.2,G3,0.4451297696183735
1.3800000000000001,0.30000000000000004,G1,0.0769031254205151
1.3800000000000001,0.30000000000000004,G2,0.7649933023162923
1.3800000000000001,0.30000000000000004,G3,0.42431700009288603
1.3800000000000001,0.4,G1,0.07394928467300184
1.3800000000000001,0.4,G2,0.7303755686738188
1.3800000000000001,0.4,G3,0.4075505169182347
1.3800000000000001,0.5,G1,0.07154573143353948
1.3800000000000001,0.5,G2,0.7040504583434679
1.3800000000000001,0.5,G3,0.3939367766508878
1.3800000000000001,0.6000000000000001,G1,0.06956318486082295
1.3800000000000001,0.6000000000000001,G2,0.6836402135247672
1.3800000000000001,0.6000000000000001,G3,0.38278737868643475
1.3800000000000001,0.7000000000000001,G1,0.06791099924339057
1.3800000000000001,0.7000000000000001,G2,0.6675250146164974
1.3800000000000001,0.7000000000000001,G3,0.373562662227089
1.3800000000000001,0.8,G1,0.06652246087560613
1.3800000000000001,0.8,G2,0.6545749962058076
1.3800000000000001,0.8,G3,0.36585796910807755
1.3800000000000001,0.9,G1,0.0653432551604544
1.3800000000000001,0.9,G2,0.6440081844941419
1.3800000000000001,0.9,G3,0.3593605424326389
1.3800000000000001,1.0,G1,0.06433231083733605
1.3800000000000001,1.0,G2,0.6352633545270029
1.3800000000000001,1.0,G3,0.35383579945521143
1.3800000000000001,1.1,G1,0.06345870998614359
1.3800000000000001,1.1,G2,0.6279342698147431
1.3800000000000001,1.1,G3,0.3490999711055591
1.3800000000000001,1.2000000000000002,G1,0.06269815466219694
1.3800000000000001,1.2000000000000002,G2,0.6217225709658738
1.3800000000000001,1.2000000000000002,G3,0.3450095237630938
1.3800000000000001,1.3,G1,0.06203012608718764
1.3800000000000001,1.3,G2,0.6164051881580654
1.3800000000000001,1.3,G3,0.3414525441152411
1.3800000000000001,1.4000000000000001,G1,0.0614421524012391
1.3800000000000001,1.4000000000000001,G2,0.6118128128319847
1.3800000000000001,1.4000000000000001,G3,0.3383391430651676
1.3800000000000001,1.5,G1,0.06092072322304723
1.3800000000000001,1.5,G2,0.6078151101696448
1.3800000000000001,1.5,G3,0.33560204568022567
1.3800000000000001,1.6,G1,0.06045595953147811
1.3800000000000001,1.6,G2,0.6043104103223652
1.3800000000000001,1.6,G3,0.3331794753903252
1.3800000000000001,1.7000000000000002,G1,0.06003978634149122
1.3800000000000001,1.7000000000000002,G2,0.6012184177185222
1.3800000000000001,1.7000000000000002,G3,0.3310261312478721
1.3800000000000001,1.8,G1,0.05966552138569158
1.3800000000000001,1.8,G2,0.5984759320838207
1.3800000000000001,1.8,G3,0.32910354287112026
1.3800000000000001,1.9000000000000001,G1,0.05932763172617864
1.3800000000000001,1.9000000000000001,G2,0.5960289623290643
1.3800000000000001,1.9000000000000001,G3,0.32737987109415634
1.3800000000000001,2.0,G1,0.05902148711866517
1.3800000000000001,2.0,G2,0.593836565495447
1.3800000000000001,2.0,G3,0.3258285757876427
1.4000000000000001,0.0,G1,0.09154554221823184
1.4000000000000001,0.0,G2,0.9683741199706974
1.4000000000000001,0.0,G3,0.5077519169491651
1.4000000000000001,0.1,G1,0.08587165421037606
1.4000000000000001,0.1,G2,0.8823591988028209
1.4000000000000001,0.1,G3,0.47533275280140236
1.4000000000000001,0.2,G1,0.081321303756479
1.4000000000000001,0.2,G2,0.8194376827177462
1.4000000000000001,0.2,G3,0.44937283479771684
1.4000000000000001,0.30000000000000004,G1,0.07767064996629414
1.4000000000000001,0.30000000000000004,G2,0.7731011397875791
1.4000000000000001,0.30000000000000004,G3,0.4285677556962461
1.4000000000000001,0.4,G1,0.07471854642710604
1.4000000000000001,0.4,G2,0.7384891253542288
1.4000000000000001,0.4,G3,0.4118079725649951
1.4000000000000001,0.5,G1,0.07231191035292482
1.4000000000000001,0.5,G2,0.7121626813924465
1.4000000000000001,0.5,G3,0.39820280587209805
1.4000000000000001,0.6000000000000001,G1,0.07033146149382963
1.4000000000000001,0.6000000000000001,G2,0.6917557651659889
1.4000000000000001,0.6000000000000001,G3,0.3870538433098463
1.4000000000000001,0.7000000000000001,G1,0.06868012109990308
1.4000000000000001,0.7000000000000001,G2,0.6756374210428351
1.4000000000000001,0.7000000000000001,G3,0.3778317418411888
1.4000000000000001,0.8,G1,0.06729215053798256
1.4000000000000001,0.8,G2,0.6626857828101561
1.4000000000000001,0.8,G3,0.37012791624338787
1.4000000000000001,0.9,G1,0.06611286827883699
1.4000000000000001,0.9,G2,0.6521163638330093
1.4000000000000001,0.9,G3,0.3636328800710463
1.4000000000000001,1.0,G1,0.06510232385363515
1.4000000000000001,1.0,G2,0.6433686019738936
1.4000000000000001,1.0,G3,0.35810813151189413
1.4000000000000001,1.1,G1,0.06422872158921934
1.4000000000000001,1.1,G2,0.6360373639380654
1.4000000000000001,1.1,G3,0.35337219724243674
1.4000000000000001,1.2000000000000002,G1,0.06346813712933336
1.4000000000000001,1.2000000000000002,G2,0.6298237225993004
1.4000000000000001,1.2000000000000002,G3,0.3492821184279881
1.4000000000000001,1.3,G1,0.06280146121952206
1.4000000000000001,1.3,G2,0.6245046023073658
1.4000000000000001,1.3,G3,0.34572576383239834
1.4000000000000001,1.4000000000000001,G1,0.062212134326560274
1.4000000000000001,1.4000000000000001,G2,0.6199106788037222
1.4000000000000001,1.4000000000000001,G3,0.342612857782875
1.4000000000000001,1.5,G1,0.061690632401046434
1.4000000000000001,1.5,G2,0.6159115982876842
1.4000000000000001,1.5,G3,0.33987451775222666
1.4000000000000001,1.6,G1,0.0612257842825634
1.4000000000000001,1.6,G2,0.6124056717324403
1.4000000000000001,1.6,G3,0.33745006294764307
1.4000000000000001,1.7000000000000002,G1,0.06080950984089661
1.4000000000000001,1.7000000000000002,G2,0.6093125855591313
1.4000000000000001,1.7000000000000002,G3,0.3352980701772305
1.4000000000000001,1.8,G1,0.060435159882643405
1.4000000000000001,1.8,G2,0.6065681742447584
1.4000000000000001,1.8,G3,0.33337522426065985
1.4000000000000001,1.9000000000000001,G1,0.060097199294319455
1.4000000000000001,1.9000000000000001,G2,0.6041206219605547
1.4000000000000001,1.9000000000000001,G3,0.33165128369109725
1.4000000000000001,2.0,G1,0.05979098531715431
1.4000000000000001,2.0,G2,0.6019276678017322
1.4000000000000001,2.0,G3,0.33009971215797507
1.4200000000000002,0.0,G1,0.09230813319609256
1.4200000000000002,0.0,G2,0.9764422098775335
1.4200000000000002,0.0,G3,0.5119830467679851
1.4200000000000002,0.1,G1,0.08663544802634955
1.4200000000000002,0.1,G2,0.8904387093394657
1.4200000000000002,0.1,G3,0.47956662691819213
1.4200000000000002,0.2,G1,0.08208683172651884
1.4200000000000002,0.2,G2,0.8275315184393212
1.4200000000000002,0.2,G3,0.45361569569691884
1.4200000000000002,0.30000000000000004,G1,0.0784368763532725
1.4200000000000002,0.30000000000000004,G2,0.7812076130453437
1.4200000000000002,0.30000000000000004,G3,0.4328182704912524
1.4200000000000002,0.4,G1,0.07548516496850528
1.4200000000000002,0.4,G2,0.7466016317552003
1.4200000000000002,0.4,G3,0.416064850659495
1.4200000000000002,0.5,G1,0.07308108692068083
1.4200000000000002,0.5,G2,0.7202771538385696
1.4200000000000002,0.5,G3,0.40246478773572564
1.4200000000000002,0.6000000000000001,G1,0.07110128547087169
1.4200000000000002,0.6000000000000001,G2,0.6998696823847663
1.4200000000000002,0.6000000000000001,G3,0.3913182923331235
1.4200000000000002,0.7000000000000001,G1,0.06944931297715745
1.4200000000000002,0.7000000000000001,G2,0.6837482458912229
1.4200000000000002,0.7000000000000001,G3,0.38209993690949223
1.4200000000000002,0.8,G1,0.06806211626222199
1.4200000000000002,0.8,G2,0.6707967229405722
1.4200000000000002,0.8,G3,0.3743977224771016
1.4200000000000002,0.9,G1,0.0668828210334128
1.4200000000000002,0.9,G2,0.6602237592795746
1.4200000000000002,0.9,G3,0.36790149799364213
1.4200000000000002,1.0,G1,0.06587177144860441
1.4200000000000002,1.0,G2,0.6514734927456015
1.4200000000000002,1.0,G3,0.3623799756069686
1.4200000000000002,1.1,G1,0.06499857172404054
1.4200000000000002,1.1,G2,0.6441396031252898
1.4200000000000002,1.1,G3,0.35764381595515293
1.4200000000000002,1.2000000000000002,G1,0.0642379550547805
1.4200000000000002,1.2000000000000002,G2,0.6379240605454142
1.4200000000000002,1.2000000000000002,G3,0.35355349392934093
1.4200000000000002,1.3,G1,0.06357123026047105
1.4200000000000002,1.3,G2,0.6326032440636179
1.4200000000000002,1.3,G3,0.34999682915069913
1.4200000000000002,1.4000000000000001,G1,0.06298321263410958
1.4200000000000002,1.4000000000000001,G2,0.628007811896644
1.4200000000000002,1.4000000000000001,G3,0.3468839104191237
1.4200000000000002,1.5,G1,0.062461711487362175
1.4200000000000002,1.5,G2,0.6240073899946632
1.4200000000000002,1.5,G3,0.3441454354098171
1.4200000000000002,1.6,G1,0.061995462031620895
1.4200000000000002,1.6,G2,0.620500269397626
1.4200000000000002,1.6,G3,0.34172255623353215
1.4200000000000002,1.7000000000000002,G1,0.0615791120750305
1.4200000000000002,1.7000000000000002,G2,0.6174061181734521
1.4200000000000002,1.7000000000000002,G3,0.33956907050141005
1.4200000000000002,1.8,G1,0.061204676219260366
1.4200000000000002,1.8,G2,0.6146607544419872
1.4200000000000002,1.8,G3,0.3376443466723684
1.4200000000000002,1.9000000000000001,G1,0.060866622271745795
1.4200000000000002,1.9000000000000001,G2,0.6122123480394995
1.4200000000000002,1.9000000000000001,G3,0.3359208169265015
1.4200000000000002,2.0,G1,0.0605603248422879
1.4200000000000002,2.0,G2,0.610018625608132
1.4200000000000002,2.0,G3,0.3343699162159659
1.44,0.0,G1,0.09307096841081959
1.44,0.0,G2,0.9845118826121985
1.44,0.0,G3,0.5162154162286501
1.44,0.1,G1,0.0873987757441027
1.44,0.1,G2,0.8985179996198865
1.44,0.1,G3,0.4838016049762962
1.44,0.2,G1,0.0828537513819028
1.44,0.2,G2,0.8356274966096453
1.44,0.2,G3,0.45785828062028755
1.44,0.30000000000000004,G1,0.07920305700664898
1.44,0.30000000000000004,G2,0.7893132690143613
1.44,0.30000000000000004,G3,0.43706831169198923
1.44,0.4,G1,0.0762538373740563
1.44,0.4,G2,0.754713115434723
1.44,0.4,G3,0.4203213688074
1.44,0.5,G1,0.07384891154093143
1.44,0.5,G2,0.7283905588686431
1.44,0.5,G3,0.40672608489771633
1.44,0.6000000000000001,G1,0.07186780194780953
1.44,0.6000000000000001,G2,0.7079792117474141
1.44,0.6000000000000001,G3,0.395586462482952
1.44,0.7000000000000001,G1,0.0702201285954497
1.44,0.7000000000000001,G2,0.6918598752435285
1.44,0.7000000000000001,G3,0.38636723603424444
1.44,0.8,G1,0.06883168562295587
1.44,0.8,G2,0.6789048261853449
1.44,0.8,G3,0.3786666660937901
1.44,0.9,G1,0.06765238887313271
1.44,0.9,G2,0.6683315888385819
1.44,0.9,G3,0.37217334611643627
1.44,1.0,G1,0.06664162258419026
1.44,1.0,G2,0.6595777330729534
1.44,1.0,G3,0.3666514344152905
1.44,1.1,G1,0.06576783974225736
1.44,1.1,G2,0.6522416336885322
1.44,1.1,G3,0.3619149848448499
1.44,1.2000000000000002,G1,0.06500761757265312
1.44,1.2000000000000002,G2,0.6460236207413738
1.44,1.2000000000000002,G3,0.35782433778857575
1.44,1.3,G1,0.0643408417975735
1.44,1.3,G2,0.6407011430094508
1.44,1.3,G3,0.3542673210260596
1.44,1.4000000000000001,G1,0.06375276381508585
1.44,1.4000000000000001,G2,0.6361042365136826
1.44,1.4000000000000001,G3,0.3511550057279913
1.44,1.5,G1,0.06323119708560583
1.44,1.5,G2,0.6321025060392989
1.44,1.5,G3,0.3484164053198155
1.44,1.6,G1,0.06276626587901604
1.44,1.6,G2,0.6285942220571041
1.44,1.6,G3,0.3459936489028895
1.44,1.7000000000000002,G1,0.06234989634108063
1.44,1.7000000000000002,G2,0.6254990339022454
1.44,1.7000000000000002,G3,0.3438387348354166
1.44,1.8,G1,0.06197405673419053
1.44,1.8,G2,0.6227527431650192
1.44,1.8,G3,0.34191547407783274
1.44,1.9000000000000001,G1,0.061635930633783705
1.44,1.9000000000000001,G2,0.6203035053280158
1.44,1.9000000000000001,G3,0.34019181417011846
1.44,2.0,G1,0.06132955857727657
1.44,2.0,G2,0.618109034667547
1.44,2.0,G3,0.3386385541663186
1.46,0.0,G1,0.09383380092371096
1.46,0.0,G2,0.9925815551832807
1.46,0.0,G3,0.5204455917931757
1.46,0.1,G1,0.08816234526591026
1.46,0.1,G2,0.906597071191194
1.46,0.1,G3,0.488036543869969
1.46,0.2,G1,0.08361663502418998
1.46,0.2,G2,0.8437216700580181
1.46,0.2,G3,0.4621005914334814
1.46,0.30000000000000004,G1,0.07996944233369488
1.46,0.30000000000000004,G2,0.7974181207473667
1.46,0.30000000000000004,G3,0.4413175022046557
1.46,0.4,G1,0.07702290523858255
1.46,0.4,G2,0.7628231882976287
1.46,0.4,G3,0.4245775060933569
1.46,0.5,G1,0.07461859466259112
1.46,0.5,G2,0.7365029236276384
1.46,0.5,G3,0.4109867200508726
1.46,0.6000000000000001,G1,0.072637448927938
1.46,0.6000000000000001,G2,0.7160910652511876
1.46,0.6000000000000001,G3,0.39985054269671416
1.46,0.7000000000000001,G1,0.07098999024919837
1.46,0.7000000000000001,G2,0.6999700088067838
1.46,0.7000000000000001,G3,0.39063246364801635
1.46,0.8,G1,0.06960269248359675
1.46,0.8,G2,0.6870116177266222
1.46,0.8,G3,0.38293473171807546
1.46,0.9,G1,0.06842372427130375
1.46,0.9,G2,0.6764364726120944
1.46,0.9,G3,0.376442391465915
1.46,1.0,G1,0.06741103568563057
1.46,1.0,G2,0.6676825367415271
1.46,1.0,G3,0.3709200254056968
1.46,1.1,G1,0.06653754224710264
1.46,1.1,G2,0.6603430252506017
1.46,1.1,G3,0.3661857820293864
1.46,1.2000000000000002,G1,0.06577670668790918
1.46,1.2000000000000002,G2,0.6541232048410182
1.46,1.2000000000000002,G3,0.3620947369345208
1.46,1.3,G1,0.06511030468506324
1.46,1.3,G2,0.6487983346477999
1.46,1.3,G3,0.3585373204076828
1.46,1.4000000000000001,G1,0.06452216491258374
1.46,1.4000000000000001,G2,0.6441999828053455
1.46,1.4000000000000001,G3,0.35542459886437694
1.46,1.5,G1,0.06400053178770386
1.46,1.5,G2,0.6401969718505829
1.46,1.5,G3,0.3526854078260486
1.46,1.6,G1,0.06353553220522026
1.46,1.6,G2,0.6366875512723641
1.46,1.6,G3,0.3502622080184978
1.46,1.7000000000000002,G1,0.06311909401691129
1.46,1.7000000000000002,G2,0.6335913513831833
1.46,1.7000000000000002,G3,0.3481089785838246
1.46,1.8,G1,0.06274456252654372
1.46,1.8,G2,0.6308441570721547
1.46,1.8,G3,0.34618536703055547
1.46,1.9000000000000001,G1,0.06240640858103751
1.46,1.9000000000000001,G2,0.6283941093954551
1.46,1.9000000000000001,G3,0.34445962085586473
1.46,2.0,G1,0.0620986584769547
1.46,2.0,G2,0.6261989102664455
1.46,2.0,G3,0.3429072988077279
1.48,0.0,G1,0.09459663080990831
1.48,0.0,G2,1.0006512292338625
1.48,0.0,G3,0.524675265925701
1.48,0.1,G1,0.08892590322134987
1.48,0.1,G2,0.9146759269630861
1.48,0.1,G3,0.49227142567885435
1.48,0.2,G1,0.08438084278537251
1.48,0.2,G2,0.85181535915896
1.48,0.2,G3,0.466342102783385
1.48,0.30000000000000004,G1,0.08073361846540032
1.48,0.30000000000000004,G2,0.8055221846648576
1.48,0.30000000000000004,G3,0.44556635321325255
1.48,0.4,G1,0.07778998828398324
1.48,0.4,G2,0.7709332429537938
1.48,0.4,G3,0.4288329617667581
1.48,0.5,G1,0.0753855799088736
1.48,0.5,G2,0.7446142761620971
1.48,0.5,G3,0.4152467152153219
1.48,0.6000000000000001,G1,0.07340668147712907
1.48,0.6000000000000001,G2,0.7242019225375876
1.48,0.6000000000000001,G3,0.4041138967294079
1.48,0.7000000000000001,G1,0.0717599178995326
1.48,0.7000000000000001,G2,0.7080758535650663
1.48,0.7000000000000001,G3,0.39489809558024463
1.48,0.8,G1,0.0703710824663783
1.48,0.8,G2,0.6951193300746571
1.48,0.8,G3,0.3872019084993791
1.48,0.9,G1,0.06919102755626622
1.48,0.9,G2,0.6845405112066566
1.48,0.9,G3,0.38071058480566344
1.48,1.0,G1,0.06818122121070627
1.48,1.0,G2,0.6757844254663259
1.48,1.0,G3,0.3751887624428373
1.48,1.1,G1,0.06730678490579398
1.48,1.1,G2,0.6684449867248176
1.48,1.1,G3,0.3704539314349292
1.48,1.2000000000000002,G1,0.0665462321438488
1.48,1.2000000000000002,G2,0.6622220617754462
1.48,1.2000000000000002,G3,0.3663647915164382
1.48,1.3,G1,0.0658792234901037
1.48,1.3,G2,0.6568958482437252
1.48,1.3,G3,0.36280691344070687
1.48,1.4000000000000001,G1,0.0652914245103559
1.48,1.4000000000000001,G2,0.652295640941024
1.48,1.4000000000000001,G3,0.3596936739828037
1.48,1.5,G1,0.0647697240084941
1.48,1.5,G2,0.6482908187798254
1.48,1.5,G3,0.35695411380072345
1.48,1.6,G1,0.06430465551288128
1.48,1.6,G2,0.6447802843563242
1.48,1.6,G3,0.3545305168161936
1.48,1.7000000000000002,G1,0.06388814849062469
1.48,1.7000000000000002,G2,0.6416830943402364
1.48,1.7000000000000002,G3,0.3523761358415214
1.48,1.8,G1,0.06351354925590465
1.48,1.8,G2,0.6389350168225639
1.48,1.8,G3,0.35045246158384324
1.48,1.9000000000000001,G1,0.06317532926472853
1.48,1.9000000000000001,G2,0.636484178380801
1.48,1.9000000000000001,G3,0.34872768737387017
1.48,2.0,G1,0.06286886107009744
1.48,2.0,G2,0.6342882685538241
1.48,2.0,G3,0.34717415447350836
1.5,0.0,G1,0.09535945815310543
1.5,0.0,G2,1.0087209064832403
1.5,0.0,G3,0.5289089282637547
1.5,0.1,G1,0.0896894457091724
1.5,0.1,G2,0.922754571267551
1.5,0.1,G3,0.4965062267160559
1.5,0.2,G1,0.0851468988275822
1.5,0.2,G2,0.8599085697581594
1.5,0.2,G3,0.47058443883611467
1.5,0.30000000000000004,G1,0.08150055668646344
1.5,0.30000000000000004,G2,0.813625476378757
1.5,0.30000000000000004,G3,0.44981565494475184
1.5,0.4,G1,0.07855701852174418
1.5,0.4,G2,0.7790420021601351
1.5,0.4,G3,0.4330880885834
1.5,0.5,G1,0.07615451557607977
1.5,0.5,G2,0.7527246360522302
1.5,0.5,G3,0.4195062737030736
1.5,0.6000000000000001,G1,0.07417715654902866
1.5,0.6000000000000001,G2,0.7323118069011214
1.5,0.6000000000000001,G3,0.40837654832701475
1.5,0.7000000000000001,G1,0.07252634646624458
1.5,0.7000000000000001,G2,0.7161841174816839
1.5,0.7000000000000001,G3,0.3991663067757137
1.5,0.8,G1,0.07114093689101852
1.5,0.8,G2,0.7032255016914598
1.5,0.8,G3,0.3914670123110869
1.5,0.9,G1,0.0699611399804362
1.5,0.9,G2,0.6926445488972901
1.5,0.9,G3,0.38497790987737257
1.5,1.0,G1,0.0689503867162072
1.5,1.0,G2,0.6838855440018546
1.5,1.0,G3,0.3794566734929836
1.5,1.1,G1,0.06807634149975028
1.5,1.1,G2,0.6765441703333516
1.5,1.1,G3,0.37472210668651856
1.5,1.2000000000000002,G1,0.06731530714152163
1.5,1.2000000000000002,G2,0.670321395633779
1.5,1.2000000000000002,G3,0.37063215258473253
1.5,1.3,G1,0.06664855640100999
1.5,1.3,G2,0.6649941275069948
1.5,1.3,G3,0.3670761990330867
1.5,1.4000000000000001,G1,0.06606018526256574
1.5,1.4000000000000001,G2,0.660390859693498
1.5,1.4000000000000001,G3,0.363962537202455
1.5,1.5,G1,0.06553830942086199
1.5,1.5,G2,0.6563849719007068
1.5,1.5,G3,0.3612234134362305
1.5,1.6,G1,0.06507364398597495
1.5,1.6,G2,0.652873005102133
1.5,1.6,G3,0.35879839587420753
1.5,1.7000000000000002,G1,0.06465706777882615
1.5,1.7000000000000002,G2,0.6497742922454313
1.5,1.7000000000000002,G3,0.35664358006687497
1.5,1.8,G1,0.06428240070530103
1.5,1.8,G2,0.6470253488566211
1.5,1.8,G3,0.35471951504603666
1.5,1.9000000000000001,G1,0.06394411477822536
1.5,1.9000000000000001,G2,0.644573735965592
1.5,1.9000000000000001,G3,0.352994380431056
1.5,2.0,G1,0.06363758284942198
1.5,2.0,G2,0.6423771307542846
1.5,2.0,G3,0.35144159027220084
1.52,0.0,G1,0.09612228304900983
1.52,0.0,G2,1.0167905887226751
1.52,0.0,G3,0.5331402063944656
1.52,0.1,G1,0.0904529686886949
1.52,0.1,G2,0.9308330098621477
1.52,0.1,G3,0.5007407998402149
1.52,0.2,G1,0.08591195390177875
1.52,0.2,G2,0.8680013071591597
1.52,0.2,G3,0.47482658977364545
1.52,0.30000000000000004,G1,0.08226674972800585
1.52,0.30000000000000004,G2,0.8217274813069396
1.52,0.30000000000000004,G3,0.45406461785586266
1.52,0.4,G1,0.0793239870613919
1.52,0.4,G2,0.7871498971088673
1.52,0.4,G3,0.43734268008984517
1.52,0.5,G1,0.07692298950364881
1.52,0.5,G2,0.7608330837515909
1.52,0.5,G3,0.42376541223085934
1.52,0.6000000000000001,G1,0.07494373632295921
1.52,0.6000000000000001,G2,0.7404207424121264
1.52,0.6000000000000001,G3,0.41263852048059413
1.52,0.7000000000000001,G1,0.07329572474926345
1.52,0.7000000000000001,G2,0.7242914763594928
1.52,0.7000000000000001,G3,0.40343044340664724
1.52,0.8,G1,0.0719074840549614
1.52,0.8,G2,0.7113274831975432
1.52,0.8,G3,0.3957359005784838
1.52,0.9,G1,0.07073080969276373
1.52,0.9,G2,0.7007477376221463
1.52,0.9,G3,0.38924436061060436
1.52,1.0,G1,0.06971952905643156
1.52,1.0,G2,0.6919866745938108
1.52,1.0,G3,0.3837237404290917
1.52,1.1,G1,0.06884551497219163
1.52,1.1,G2,0.6846426526041567
1.52,1.1,G3,0.37898947972095737
1.52,1.2000000000000002,G1,0.06808474693507643
1.52,1.2000000000000002,G2,0.678418171695065
1.52,1.2000000000000002,G3,0.3748996132840849
1.52,1.3,G1,0.0674174730990572
1.52,1.3,G2,0.6730893833127256
1.52,1.3,G3,0.37134251739831237
1.52,1.4000000000000001,G1,0.06682931909078987
1.52,1.4000000000000001,G2,0.6684868722852791
1.52,1.4000000000000001,G3,0.368227724199949
1.52,1.5,G1,0.06630739794600835
1.52,1.5,G2,0.6644783988784271
1.52,1.5,G3,0.3654904472078748
1.52,1.6,G1,0.06584209927671779
1.52,1.6,G2,0.660965354011239
1.52,1.6,G3,0.3630659279281815
1.52,1.7000000000000002,G1,0.06542585983312797
1.52,1.7000000000000002,G2,0.6578659339368497
1.52,1.7000000000000002,G3,0.36090963249618224
1.52,1.8,G1,0.06505112470280185
1.52,1.8,G2,0.6551158702850259
1.52,1.8,G3,0.35898617230270496
1.52,1.9000000000000001,G1,0.06471277280501951
1.52,1.9000000000000001,G2,0.6526632573839183
1.52,1.9000000000000001,G3,0.35726061590101793
1.52,2.0,G1,0.06440617725739664
1.52,2.0,G2,0.6504655236112536
1.52,2.0,G3,0.35570744835170703
1.54,0.0,G1,0.09688510560899762
1.54,0.0,G2,1.0248602777657765
1.54,0.0,G3,0.5373714773612916
1.54,0.1,G1,0.09121646881036201
1.54,0.1,G2,0.9389112498808796
1.54,0.1,G3,0.5049751717348135
1.54,0.2,G1,0.08667697304173241
1.54,0.2,G2,0.8760902302639001
1.54,0.2,G3,0.4790672796394893
1.54,0.30000000000000004,G1,0.08303467285831867
1.54,0.30000000000000004,G2,0.8298309304196283
1.54,0.30000000000000004,G3,0.45831317797921545
1.54,0.4,G1,0.08009130572965475
1.54,0.4,G2,0.7952569491562123
1.54,0.4,G3,0.44159629657479965
1.54,0.5,G1,0.07769174171982177
1.54,0.5,G2,0.7689425876733186
1.54,0.5,G3,0.42802380918688
1.54,0.6000000000000001,G1,0.0757112085513399
1.54,0.6000000000000001,G2,0.7485287481096399
1.54,0.6000000000000001,G3,0.4168998383382352
1.54,0.7000000000000001,G1,0.07406333843975417
1.54,0.7000000000000001,G2,0.7323979498617825
1.54,0.7000000000000001,G3,0.4076938684090012
1.54,0.8,G1,0.07267715651412764
1.54,0.8,G2,0.7194319786475158
1.54,0.8,G3,0.40000070204626
1.54,0.9,G1,0.07150061768935191
1.54,0.9,G2,0.708846811570665
1.54,0.9,G3,0.3935087946006162
1.54,1.0,G1,0.07048896511181865
1.54,1.0,G2,0.7000870874045416
1.54,1.0,G3,0.3879899522261723
1.54,1.1,G1,0.0696153975943155
1.54,1.1,G2,0.6927412824682181
1.54,1.1,G3,0.38325603158526933
1.54,1.2000000000000002,G1,0.0688537348672835
1.54,1.2000000000000002,G2,0.6865143085631009
1.54,1.2000000000000002,G3,0.3791662925266356
1.54,1.3,G1,0.06818722085051199
1.54,1.3,G2,0.6811840309196417
1.54,1.3,G3,0.37560917459217524
1.54,1.4000000000000001,G1,0.06759808669454863
1.54,1.4000000000000001,G2,0.6765801988277259
1.54,1.4000000000000001,G3,0.3724961253502227
1.54,1.5,G1,0.06707633223246963
1.54,1.5,G2,0.6725723257065935
1.54,1.5,G3,0.3697562001118
1.54,1.6,G1,0.06661098395846715
1.54,1.6,G2,0.6690571929352349
1.54,1.6,G3,0.36733320830442756
1.54,1.7000000000000002,G1,0.06619419794785936
1.54,1.7000000000000002,G2,0.6659568365047054
1.54,1.7000000000000002,G3,0.3651774574291928
1.54,1.8,G1,0.06581932188550918
1.54,1.8,G2,0.6632059352993448
1.54,1.8,G3,0.36325251407795456
1.54,1.9000000000000001,G1,0.06548131096333656
1.54,1.9000000000000001,G2,0.6607525709512679
1.54,1.9000000000000001,G3,0.3615265126093861
1.54,2.0,G1,0.06517465181050087
1.54,2.0,G2,0.6585543939082441
1.54,2.0,G3,0.3599720640462847
1.56,0.0,G1,0.09764792596385138
1.56,0.0,G2,1.0329299753755152
1.56,0.0,G3,0.5416019650347051
1.56,0.1,G1,0.0919799438560898
1.56,0.1,G2,0.946989299737079
1.56,0.1,G3,0.509211168275536
1.56,0.2,G1,0.08744146924921901
1.56,0.2,G2,0.8841820371636698
1.56,0.2,G3,0.48330865468225587
1.56,0.30000000000000004,G1,0.08379909312691945
1.56,0.30000000000000004,G2,0.8379320795523579
1.56,0.30000000000000004,G3,0.46256135946602916
1.56,0.4,G1,0.08085626563778088
1.56,0.4,G2,0.8033631731191735
1.56,0.4,G3,0.4458494897515917
1.56,0.5,G1,0.07845923717986841
1.56,0.5,G2,0.7770503154189643
1.56,0.5,G3,0.43228182469520243
1.56,0.6000000000000001,G1,0.0764809798446345
1.56,0.6000000000000001,G2,0.7566358599028887
1.56,0.6000000000000001,G3,0.42116087603104746
1.56,0.7000000000000001,G1,0.0748332972633872
1.56,0.7000000000000001,G2,0.7405035586362813
1.56,0.7000000000000001,G3,0.4119566047744972
1.56,0.8,G1,0.07344640628036526
1.56,0.8,G2,0.7275356603948003
1.56,0.8,G3,0.40426477975923397
1.56,0.9,G1,0.07226700792168217
1.56,0.9,G2,0.716948472003167
1.56,0.9,G3,0.39777704988616297
1.56,1.0,G1,0.07125863734973124
1.56,1.0,G2,0.7081834537415106
1.56,1.0,G3,0.3922541230716578
1.56,1.1,G1,0.07038415355231491
1.56,1.1,G2,0.7008391875130957
1.56,1.1,G3,0.38752174906806086
1.56,1.2000000000000002,G1,0.06962308568106916
1.56,1.2000000000000002,G2,0.6946108229712672
1.56,1.2000000000000002,G3,0.3834321706163969
1.56,1.3,G1,0.06895587379871511
1.56,1.3,G2,0.6892785919226886
1.56,1.3,G3,0.3798750675174217
1.56,1.4000000000000001,G1,0.06836844437662562
1.56,1.4000000000000001,G2,0.6846729686967052
1.56,1.4000000000000001,G3,0.37676192966326105
1.56,1.5,G1,0.06784495700213526
1.56,1.5,G2,0.6806639487613189
1.56,1.5,G3,0.37402184675517286
1.56,1.6,G1,0.06737946459634508
1.56,1.6,G2,0.6771491934976814
1.56,1.6,G3,0.37159749969330075
1.56,1.7000000000000002,G1,0.06696288330271387
1.56,1.7000000000000002,G2,0.6740472618816356
1.56,1.7000000000000002,G3,0.3694421611758702
1.56,1.8,G1,0.06658795592737778
1.56,1.8,G2,0.6712955453262808
1.56,1.8,G3,0.36751863356264125
1.56,1.9000000000000001,G1,0.06624941600022206
1.56,1.9000000000000001,G2,0.6688414493998794
1.56,1.9000000000000001,G3,0.36579219680623337
1.56,2.0,G1,0.06594263554679776
1.56,2.0,G2,0.6666426137864975
1.56,2.0,G3,0.36423819784745887
1.58,0.0,G1,0.09841074426746152
1.58,0.0,G2,1.0409996831836263
1.58,0.0,G3,0.545832917726837
1.58,0.1,G1,0.09274313997204776
1.58,0.1,G2,0.9550671689829247
1.58,0.1,G3,0.5134437065512125
1.58,0.2,G1,0.0882062090612285
1.58,0.2,G2,0.8922733878602914
1.58,0.2,G3,0.48754972646207434
1.58,0.30000000000000004,G1,0.084563973456322
1.58,0.30000000000000004,G2,0.846033090098265
1.58,0.30000000000000004,G3,0.4668086339294778
1.58,0.4,G1,0.08162391558051935
1.58,0.4,G2,0.8114685856903538
1.58,0.4,G3,0.4501030573216501
1.58,0.5,G1,0.079226664781816
1.58,0.5,G2,0.7851572047676423
1.58,0.5,G3,0.43653930754685843
1.58,0.6000000000000001,G1,0.0772504460559711
1.58,0.6000000000000001,G2,0.7647416613537805
1.58,0.6000000000000001,G3,0.4254213086220263
1.58,0.7000000000000001,G1,0.07560071424887539
1.58,0.7000000000000001,G2,0.7486083179708934
1.58,0.7000000000000001,G3,0.41621867485570613
1.58,0.8,G1,0.07421430791683072
1.58,0.8,G2,0.7356385452307761
1.58,0.8,G3,0.40852815680881954
1.58,0.9,G1,0.07303641617800866
1.58,0.9,G2,0.7250493883959193
1.58,0.9,G3,0.4020412434671364
1.58,1.0,G1,0.07202496352130942
1.58,1.0,G2,0.7162824723944713
1.58,1.0,G3,0.3965221346855345
1.58,1.1,G1,0.07115368691888178
1.58,1.1,G2,0.7089331061438581
1.58,1.1,G3,0.3917854349570635
1.58,1.2000000000000002,G1,0.07039208125821828
1.58,1.2000000000000002,G2,0.7027064947293351
1.58,1.2000000000000002,G3,0.38769723410569856
1.58,1.3,G1,0.06972454434482869
1.58,1.3,G2,0.6973728389960072
1.58,1.3,G3,0.3841401760528978
1.58,1.4000000000000001,G1,0.06913666797171286
1.58,1.4000000000000001,G2,0.6927660187249601
1.58,1.4000000000000001,G3,0.38102698303492977
1.58,1.5,G1,0.06861276937760577
1.58,1.5,G2,0.6887555049079676
1.58,1.5,G3,0.37828677251006404
1.58,1.6,G1,0.0681486591254594
1.58,1.6,G2,0.6852388153302754
1.58,1.6,G3,0.37586224762459525
1.58,1.7000000000000002,G1,0.06773124915966348
1.58,1.7000000000000002,G2,0.6821368508466863
1.58,1.7000000000000002,G3,0.3737066984483743
1.58,1.8,G1,0.06735619369685159
1.58,1.8,G2,0.6793845134730379
1.58,1.8,G3,0.3717817392615397
1.58,1.9000000000000001,G1,0.06701785779630894
1.58,1.9000000000000001,G2,0.6769298618682915
1.58,1.9000000000000001,G3,0.37005558641002995
1.58,2.0,G1,0.0667110273113788
1.58,2.0,G2,0.6747304214733056
1.58,2.0,G3,0.3684999170196075
1.6,0.0,G1,0.09917360718190316
1.6,0.0,G2,1.0490694026133147
1.6,0.0,G3,0.5500640285096906
1.6,0.1,G1,0.0935065890143928
1.6,0.1,G2,0.9631482157494948
1.6,0.1,G3,0.5176801616280137
1.6,0.2,G1,0.08897091593059411
1.6,0.2,G2,0.9003642894751496
1.6,0.2,G3,0.4917906367152294
1.6,0.30000000000000004,G1,0.08533062756955305
1.6,0.30000000000000004,G2,0.8541334804310576
1.6,0.30000000000000004,G3,0.47105660077745587
1.6,0.4,G1,0.08239050828704252
1.6,0.4,G2,0.8195732435427392
1.6,0.4,G3,0.45435620986290065
1.6,0.5,G1,0.07999425879795996
1.6,0.5,G2,0.7932632828303835
1.6,0.5,G3,0.4407958017090149
1.6,0.6000000000000001,G1,0.07801819396789524
1.6,0.6000000000000001,G2,0.7728476118451858
1.6,0.6000000000000001,G3,0.42968097918568726
1.6,0.7000000000000001,G1,0.07637033733776691
1.6,0.7000000000000001,G2,0.7567122619959241
1.6,0.7000000000000001,G3,0.4204804318227912
1.6,0.8,G1,0.07498343995370725
1.6,0.8,G2,0.7437406513747187
1.6,0.8,G3,0.41279085558852974
1.6,0.9,G1,0.07380483720966106
1.6,0.9,G2,0.7331495744898869
1.6,0.9,G3,0.4063047373319238
1.6,1.0,G1,0.07279437383004567
1.6,1.0,G2,0.7243808104242547
1.6,1.0,G3,0.4007860943950235
1.6,1.1,G1,0.07191990090165223
1.6,1.1,G2,0.7170297349827759
1.6,1.1,G3,0.396052975428091
1.6,1.2000000000000002,G1,0.07116149199716684
1.6,1.2000000000000002,G2,0.7107982319617159
1.6,1.2000000000000002,G3,0.39196029530909965
1.6,1.3,G1,0.07049366486304004
1.6,1.3,G2,0.7054665335925029
1.6,1.3,G3,0.38840448822218565
1.6,1.4000000000000001,G1,0.06990468697834003
1.6,1.4000000000000001,G2,0.7008584776734227
1.6,1.4000000000000001,G3,0.3852912660095076
1.6,1.5,G1,0.06938353847892217
1.6,1.5,G2,0.6968468644796455
1.6,1.5,G3,0.3825509571648877
1.6,1.6,G1,0.06891689260138739
1.6,1.6,G2,0.6933298119499641
1.6,1.6,G3,0.3801262827858587
1.6,1.7000000000000002,G1,0.06849840665523851
1.6,1.7000000000000002,G2,0.6902268264658579
1.6,1.7000000000000002,G3,0.377970547263035
1.6,1.8,G1,0.06812507930120099
1.6,1.8,G2,0.6874735841392344
1.6,1.8,G3,0.3760453761114707
1.6,1.9000000000000001,G1,0.06778600118991257
1.6,1.9000000000000001,G2,0.685017471363587
1.6,1.9000000000000001,G3,0.37431899432518245
1.6,2.0,G1,0.06747906364834842
1.6,2.0,G2,0.6828175113517408
1.6,2.0,G3,0.3727649047753174
1.62,0.0,G1,0.09993647503464634
1.62,0.0,G2,1.0571391348124415
1.62,0.0,G3,0.5542960289258095
1.62,0.1,G1,0.09427002502654587
1.62,0.1,G2,0.9712257561771975
1.62,0.1,G3,0.5219133994773929
1.62,0.2,G1,0.08973558613313097
1.62,0.2,G2,0.9084547502291765
1.62,0.2,G3,0.49603136610422915
1.62,0.30000000000000004,G1,0.08609754953136516
1.62,0.30000000000000004,G2,0.8622332598680094
1.62,0.30000000000000004,G3,0.47530423664830407
1.62,0.4,G1,0.08315908271253429
1.62,0.4,G2,0.8276763794782933
1.62,0.4,G3,0.45860887529210675
1.62,0.5,G1,0.08075970586264589
1.62,0.5,G2,0.8013685607673864
1.62,0.5,G3,0.4450517134952002
1.62,0.6000000000000001,G1,0.078785876964692
1.62,0.6000000000000001,G2,0.7809523424329426
1.62,0.6000000000000001,G3,0.4339402563186396
1.62,0.7000000000000001,G1,0.07714000728705037
1.62,0.7000000000000001,G2,0.764814925766059
1.62,0.7000000000000001,G3,0.4247416027651291
1.62,0.8,G1,0.07575095714314173
1.62,0.8,G2,0.7518419882571821
1.62,0.8,G3,0.4170529572250119
1.62,0.9,G1,0.07457457926330023
1.62,0.9,G2,0.7412490453809267
1.62,0.9,G3,0.4105675535799822
1.62,1.0,G1,0.07356332912244117
1.62,1.0,G2,0.7324784791817693
1.62,1.0,G3,0.4050493636565865
1.62,1.1,G1,0.07268922472773034
1.62,1.1,G2,0.7251257390901893
1.62,1.1,G3,0.40031647908312934
1.62,1.2000000000000002,G1,0.07192757379317812
1.62,1.2000000000000002,G2,0.7188927294662721
1.62,1.2000000000000002,G3,0.3962272242866767
1.62,1.3,G1,0.07126296824836226
1.62,1.3,G2,0.7135563380358512
1.62,1.3,G3,0.39266684383846584
1.62,1.4000000000000001,G1,0.07067375373216328
1.62,1.4000000000000001,G2,0.7089470797151628
1.62,1.4000000000000001,G3,0.3895547698195151
1.62,1.5,G1,0.070151165686967
1.62,1.5,G2,0.7049377403424941
1.62,1.5,G3,0.3868143837437287
1.62,1.6,G1,0.06968535039955816
1.62,1.6,G2,0.7014197351264363
1.62,1.6,G3,0.3843895843844772
1.62,1.7000000000000002,G1,0.06926809256868746
1.62,1.7000000000000002,G2,0.6983158999053614
1.62,1.7000000000000002,G3,0.3822336876054468
1.62,1.8,G1,0.0688930694738832
1.62,1.8,G2,0.6955618951325749
1.62,1.8,G3,0.38030832809923404
1.62,1.9000000000000001,G1,0.0685531473864358
1.62,1.9000000000000001,G2,0.6931057527051069
1.62,1.9000000000000001,G3,0.3785817381368516
1.62,2.0,G1,0.06824828911443576
1.62,2.0,G2,0.6909050800839138
1.62,2.0,G3,0.37702742629855684
1.6400000000000001,0.0,G1,0.10070127722086182
1.6400000000000001,0.0,G2,1.065208880601514
1.6400000000000001,0.0,G3,0.5585271823413462
1.6400000000000001,0.1,G1,0.09503344834570077
1.6400000000000001,0.1,G2,0.9793016837499624
1.6400000000000001,0.1,G3,0.5261479990239744
1.6400000000000001,0.2,G1,0.09050021588305895
1.6400000000000001,0.2,G2,0.9165447795635888
1.6400000000000001,0.2,G3,0.5002718721250727
1.6400000000000001,0.30000000000000004,G1,0.08686359338086924
1.6400000000000001,0.30000000000000004,G2,0.8703290909291134
1.6400000000000001,0.30000000000000004,G3,0.47954982792546863
1.6400000000000001,0.4,G1,0.08392451300158643
1.6400000000000001,0.4,G2,0.8357801347584264
1.6400000000000001,0.4,G3,0.46286008544234736
1.6400000000000001,0.5,G1,0.08152786668201752
1.6400000000000001,0.5,G2,0.809473054321697
1.6400000000000001,0.5,G3,0.44930776153593394
1.6400000000000001,0.6000000000000001,G1,0.0795536288928062
1.6400000000000001,0.6000000000000001,G2,0.7890563139112811
1.6400000000000001,0.6000000000000001,G3,0.43819890178576565
1.6400000000000001,0.7000000000000001,G1,0.07790782887659022
1.6400000000000001,0.7000000000000001,G2,0.7729179033428863
1.6400000000000001,0.7000000000000001,G3,0.4290020012894148
1.6400000000000001,0.8,G1,0.0765208313692799
1.6400000000000001,0.8,G2,0.7599426009580015
1.6400000000000001,0.8,G3,0.4213147272476518
1.6400000000000001,0.9,G1,0.07534110959628494
1.6400000000000001,0.9,G2,0.7493478096227721
1.6400000000000001,0.9,G3,0.41482971370410454
1.6400000000000001,1.0,G1,0.0743312008650252
1.6400000000000001,1.0,G2,0.7405754914204082
1.6400000000000001,1.0,G3,0.4093119640630118
1.6400000000000001,1.1,G1,0.07345811471334669
1.6400000000000001,1.1,G2,0.7332211280026512
1.6400000000000001,1.1,G3,0.4045793067153349
1.6400000000000001,1.2000000000000002,G1,0.07269675619371452
1.6400000000000001,1.2000000000000002,G2,0.7269866507229163
1.6400000000000001,1.2000000000000002,G3,0.40049013466160205
1.6400000000000001,1.3,G1,0.07202890252080484
1.6400000000000001,1.3,G2,0.7216489457019188
1.6400000000000001,1.3,G3,0.3969330781980221
1.6400000000000001,1.4000000000000001,G1,0.07143961817595723
1.6400000000000001,1.4000000000000001,G2,0.7170385170660315
1.6400000000000001,1.4000000000000001,G3,0.39381638117200396
1.6400000000000001,1.5,G1,0.07092019133304794
1.6400000000000001,1.5,G2,0.7130247926075755
1.6400000000000001,1.5,G3,0.39107587801012406
1.6400000000000001,1.6,G1,0.07045414859954252
1.6400000000000001,1.6,G2,0.7095058603211152
1.6400000000000001,1.6,G3,0.3886521400883541
1.6400000000000001,1.7000000000000002,G1,0.07003677778019253
1.6400000000000001,1.7000000000000002,G2,0.7064011981242541
1.6400000000000001,1.7000000000000002,G3,0.38649610142995944
1.6400000000000001,1.8,G1,0.06966141183059435
1.6400000000000001,1.8,G2,0.7036497975022755
1.6400000000000001,1.8,G3,0.384570574386072
1.6400000000000001,1.9000000000000001,G1,0.06932334977232613
1.6400000000000001,1.9000000000000001,G2,0.7011929915295259
1.6400000000000001,1.9000000000000001,G3,0.382843797070133
1.6400000000000001,2.0,G1,0.06901585652891867
1.6400000000000001,2.0,G2,0.6989917216859515
1.6400000000000001,2.0,G3,0.38128928276944674
1.6600000000000001,0.0,G1,0.10146405148691645
1.6600000000000001,0.0,G2,1.0732786404386474
1.6600000000000001,0.0,G3,0.5627574824456597
1.6600000000000001,0.1,G1,0.09579685931087546
1.6600000000000001,0.1,G2,0.9873790706790141
1.6600000000000001,0.1,G3,0.5303822963031833
1.6600000000000001,0.2,G1,0.09126480217762038
1.6600000000000001,0.2,G2,0.9246343881969972
1.6600000000000001,0.2,G3,0.5045119578892674
1.6600000000000001,0.30000000000000004,G1,0.08762899407493836
1.6600000000000001,0.30000000000000004,G2,0.8784276746688341
1.6600000000000001,0.30000000000000004,G3,0.4837971414930881
1.6600000000000001,0.4,G1,0.08469313318439738
1.6600000000000001,0.4,G2,0.8438841752447723
1.6600000000000001,0.4,G3,0.4671123277958945
1.6600000000000001,0.5,G1,0.08229511831449078
1.6600000000000001,0.5,G2,0.8175767780536602
1.6600000000000001,0.5,G3,0.45356356037050105
1.6600000000000001,0.6000000000000001,G1,0.08032168554425233
1.6600000000000001,0.6000000000000001,G2,0.7971595380430558
1.6600000000000001,0.6000000000000001,G3,0.44245652100162675
1.6600000000000001,0.7000000000000001,G1,0.07867558767610652
1.6600000000000001,0.7000000000000001,G2,0.7810196858381047
1.6600000000000001,0.7000000000000001,G3,0.4332619990256958
1.6600000000000001,0.8,G1,0.07729027972883484
1.6600000000000001,0.8,G2,0.7680425226866746
1.6600000000000001,0.8,G3,0.4255758922175672
1.6600000000000001,0.9,G1,0.07611223392042177
1.6600000000000001,0.9,G2,0.7574459008917532
1.6600000000000001,0.9,G3,0.41909148109095173
1.6600000000000001,1.0,G1,0.07509952197637094
1.6600000000000001,1.0,G2,0.7486718543132642
1.6600000000000001,1.0,G3,0.4135739166055648
1.6600000000000001,1.1,G1,0.07422578863785625
1.6600000000000001,1.1,G2,0.7413159128078051
1.6600000000000001,1.1,G3,0.4088414792875153
1.6600000000000001,1.2000000000000002,G1,0.07346549897452179
1.6600000000000001,1.2000000000000002,G2,0.7350800039893485
1.6600000000000001,1.2000000000000002,G3,0.40475238649933964
1.6600000000000001,1.3,G1,0.07279790031138826
1.6600000000000001,1.3,G2,0.7297410189341289
1.6600000000000001,1.3,G3,0.4011953138832861
1.6600000000000001,1.4000000000000001,G1,0.07220871636034627
1.6600000000000001,1.4000000000000001,G2,0.7251294505906051
1.6600000000000001,1.4000000000000001,G3,0.3980818750532434
1.6600000000000001,1.5,G1,0.07168593514707108
1.6600000000000001,1.5,G2,0.7211147124620051
1.6600000000000001,1.5,G3,0.3953412466315705
1.6600000000000001,1.6,G1,0.07122312066611174
1.6600000000000001,1.6,G2,0.7175948778490249
1.6600000000000001,1.6,G3,0.3929128340878429
1.6600000000000001,1.7000000000000002,G1,0.07080558866062936
1.6600000000000001,1.7000000000000002,G2,0.7144894108302956
1.6600000000000001,1.7000000000000002,G3,0.3907566365267455
1.6600000000000001,1.8,G1,0.07043004563027051
1.6600000000000001,1.8,G2,0.711733946644226
1.6600000000000001,1.8,G3,0.38883210277712527
1.6600000000000001,1.9000000000000001,G1,0.0700909707538778
1.6600000000000001,1.9000000000000001,G2,0.7092764949556419
1.6600000000000001,1.9000000000000001,G3,0.38710515419832386
1.6600000000000001,2.0,G1,0.06978370847121483
1.6600000000000001,2.0,G2,0.7070746438864505
1.6600000000000001,2.0,G3,0.3855504543382075
1.6800000000000002,0.0,G1,0.10222682553121525
1.6800000000000002,0.0,G2,1.0813484144020733
1.6800000000000002,0.0,G3,0.5669897392752438
1.6800000000000002,0.1,G1,0.09656025826706785
1.6800000000000002,0.1,G2,0.9954563280247523
1.6800000000000002,0.1,G3,0.534616533803466
1.6800000000000002,0.2,G1,0.09202934323552006
1.6800000000000002,0.2,G2,0.9327235881230056
1.6800000000000002,0.2,G3,0.5087514414606573
1.6800000000000002,0.30000000000000004,G1,0.08839469670571092
1.6800000000000002,0.30000000000000004,G2,0.8865256739879666
1.6800000000000002,0.30000000000000004,G3,0.48804345557979106
1.6800000000000002,0.4,G1,0.08545680689542234
1.6800000000000002,0.4,G2,0.851986505524046
1.6800000000000002,0.4,G3,0.4713654079564655
1.6800000000000002,0.5,G1,0.0830641335600958
1.6800000000000002,0.5,G2,0.8256805249736202
1.6800000000000002,0.5,G3,0.4578188338542093
1.6800000000000002,0.6000000000000001,G1,0.08108735510587317
1.6800000000000002,0.6000000000000001,G2,0.8052620274072135
1.6800000000000002,0.6000000000000001,G3,0.4467136527949164
1.6800000000000002,0.7000000000000001,G1,0.07944327439278226
1.6800000000000002,0.7000000000000001,G2,0.7891207768534381
1.6800000000000002,0.7000000000000001,G3,0.4375214393094828
1.6800000000000002,0.8,G1,0.07805806563852385
1.6800000000000002,0.8,G2,0.7761418569668947
1.6800000000000002,0.8,G3,0.4298362910180805
1.6800000000000002,0.9,G1,0.07687931314212643
1.6800000000000002,0.9,G2,0.7655418876055312
1.6800000000000002,0.9,G3,0.42335276031359004
1.6800000000000002,1.0,G1,0.07586695542773854
1.6800000000000002,1.0,G2,0.7567675962986723
1.6800000000000002,1.0,G3,0.41783538208751153
1.6800000000000002,1.1,G1,0.07499430037461342
1.6800000000000002,1.1,G2,0.7494100980707386
1.6800000000000002,1.1,G3,0.4131030171849494
1.6800000000000002,1.2000000000000002,G1,0.0742332752907367
1.6800000000000002,1.2000000000000002,G2,0.7431727992916034
1.6800000000000002,1.2000000000000002,G3,0.4090140000719688
1.6800000000000002,1.3,G1,0.07356642984234597
1.6800000000000002,1.3,G2,0.7378325652262331
1.6800000000000002,1.3,G3,0.4054569102128733
1.6800000000000002,1.4000000000000001,G1,0.07297748660849068
1.6800000000000002,1.4000000000000001,G2,0.7332198858091545
1.6800000000000002,1.4000000000000001,G3,0.40234339099826216
1.6800000000000002,1.5,G1,0.07245482748773173
1.6800000000000002,1.5,G2,0.7292041601167197
1.6800000000000002,1.5,G3,0.39960263909253346
1.6800000000000002,1.6,G1,0.07198870732921983
1.6800000000000002,1.6,G2,0.725683446813525
1.6800000000000002,1.6,G3,0.39717741262380923
1.6800000000000002,1.7000000000000002,G1,0.07157113312172744
1.6800000000000002,1.7000000000000002,G2,0.7225771962958776
1.6800000000000002,1.7000000000000002,G3,0.3950177022694823
1.6800000000000002,1.8,G1,0.07119549715904609
1.6800000000000002,1.8,G2,0.7198210315248792
1.6800000000000002,1.8,G3,0.39309183048392565
1.6800000000000002,1.9000000000000001,G1,0.07085963023066298
1.6800000000000002,1.9000000000000001,G2,0.7173629513899689
1.6800000000000002,1.9000000000000001,G3,0.3913646971408098
1.6800000000000002,2.0,G1,0.07055224748714083
1.6800000000000002,2.0,G2,0.7151605346704533
1.6800000000000002,2.0,G3,0.3898109315804941
1.7,0.0,G1,0.10298960035314639
1.7,0.0,G2,1.0894190818079157
1.7,0.0,G3,0.5712207303098329
1.7,0.1,G1,0.09732364556951428
1.7,0.1,G2,1.0035334607623745
1.7,0.1,G3,0.5388507173893446
1.7,0.2,G1,0.09279356432705801
1.7,0.2,G2,0.9408123925529808
1.7,0.2,G3,0.5129916970948727
1.7,0.30000000000000004,G1,0.08916034808310985
1.7,0.30000000000000004,G2,0.8946230985725097
1.7,0.30000000000000004,G3,0.4922895146246431
1.7,0.4,G1,0.08622507929676174
1.7,0.4,G2,0.8600881929451514
1.7,0.4,G3,0.4756155851080907
1.7,0.5,G1,0.08382993973843235
1.7,0.5,G2,0.8337820817207953
1.7,0.5,G3,0.46207360083274013
1.7,0.6000000000000001,G1,0.08185554280426843
1.7,0.6000000000000001,G2,0.8133637948941285
1.7,0.6000000000000001,G3,0.4509711911737709
1.7,0.7000000000000001,G1,0.08021142130660522
1.7,0.7000000000000001,G2,0.7972211857257847
1.7,0.7000000000000001,G3,0.44177979414015583
1.7,0.8,G1,0.07882578878800092
1.7,0.8,G2,0.7842405448541738
1.7,0.8,G3,0.43409629885573264
1.7,0.9,G1,0.07764825997245944
1.7,0.9,G2,0.773640246245182
1.7,0.9,G3,0.4276132746435894
1.7,1.0,G1,0.07663685309161586
1.7,1.0,G2,0.764863703728449
1.7,1.0,G3,0.42209646650107896
1.7,1.1,G1,0.07576151019386337
1.7,1.1,G2,0.757503714268168
1.7,1.1,G3,0.4173640409525947
1.7,1.2000000000000002,G1,0.07500132835584268
1.7,1.2000000000000002,G2,0.7512650384083723
1.7,1.2000000000000002,G3,0.4132749951116418
1.7,1.3,G1,0.07433399951244808
1.7,1.3,G2,0.745923592193803
1.7,1.3,G3,0.40971788675092197
1.7,1.4000000000000001,G1,0.07374506177384685
1.7,1.4000000000000001,G2,0.7413098299467732
1.7,1.4000000000000001,G3,0.40660428759074585
1.7,1.5,G1,0.07322332332692405
1.7,1.5,G2,0.7372931409505464
1.7,1.5,G3,0.40386341379118224
1.7,1.6,G1,0.07275734655735124
1.7,1.6,G2,0.7337715711114428
1.7,1.6,G3,0.40143803661228944
1.7,1.7000000000000002,G1,0.07233984315244141
1.7,1.7000000000000002,G2,0.7306645572318976
1.7,1.7000000000000002,G3,0.39928149479786035
1.7,1.8,G1,0.07196422038421876
1.7,1.8,G2,0.7279077101376595
1.7,1.8,G3,0.3973554384216397
1.7,1.9000000000000001,G1,0.0716249880825108
1.7,1.9000000000000001,G2,0.725449018106227
1.7,1.9000000000000001,G3,0.39562811072293846
1.7,2.0,G1,0.07131754171752255
1.7,2.0,G2,0.7232460507410529
1.7,2.0,G3,0.39406968936771447
1.72,0.0,G1,0.10375237699616201
1.72,0.0,G2,1.0974889839661373
1.72,0.0,G3,0.575451854876666
1.72,0.1,G1,0.09808702158793099
1.72,0.1,G2,1.0116104738571143
1.72,0.1,G3,0.5430840400418417
1.72,0.2,G1,0.09355804269012825
1.72,0.2,G2,0.9489008158089666
1.72,0.2,G3,0.5172329957338037
1.72,0.30000000000000004,G1,0.08992594448667855
1.72,0.30000000000000004,G2,0.902719959024766
1.72,0.30000000000000004,G3,0.4965353016233671
1.72,0.4,G1,0.08699180075827358
1.72,0.4,G2,0.8681859005228032
1.72,0.4,G3,0.47986450570915573
1.72,0.5,G1,0.08459578754659415
1.72,0.5,G2,0.8418850805410849
1.72,0.5,G3,0.4663272486098458
1.72,0.6000000000000001,G1,0.08262209261451951
1.72,0.6000000000000001,G2,0.8214649545499783
1.72,0.6000000000000001,G3,0.45522815859477644
1.72,0.7000000000000001,G1,0.08097715867700986
1.72,0.7000000000000001,G2,0.8053209227118528
1.72,0.7000000000000001,G3,0.4460376118084066
1.72,0.8,G1,0.07959357631748983
1.72,0.8,G2,0.7923386112836248
1.72,0.8,G3,0.4383556988956898
1.72,0.9,G1,0.07841594478391861
1.72,0.9,G2,0.781736568970636
1.72,0.9,G3,0.4318733965617571
1.72,1.0,G1,0.07740597628823234
1.72,1.0,G2,0.7729573900321733
1.72,1.0,G3,0.42635679442846264
1.72,1.1,G1,0.07653109898771117
1.72,1.1,G2,0.7655978221914784
1.72,1.1,G3,0.4216247343552835
1.72,1.2000000000000002,G1,0.07576842531583035
1.72,1.2000000000000002,G2,0.7593567577436046
1.72,1.2000000000000002,G3,0.4175355029164536
1.72,1.3,G1,0.07510163639527939
1.72,1.3,G2,0.754014105829115
1.72,1.3,G3,0.4139782625684507
1.72,1.4000000000000001,G1,0.07451419794399437
1.72,1.4000000000000001,G2,0.749399284117218
1.72,1.4000000000000001,G3,0.4108645836988919
1.72,1.5,G1,0.07398979504191316
1.72,1.5,G2,0.7453816620990696
1.72,1.5,G3,0.4081235894118062
1.72,1.6,G1,0.0735253662327504
1.72,1.6,G2,0.7418592564420872
1.72,1.6,G3,0.40569806373003975
1.72,1.7000000000000002,G1,0.07310809108428808
1.72,1.7000000000000002,G2,0.738751497909459
1.72,1.7000000000000002,G3,0.4035413540227543
1.72,1.8,G1,0.07273265456745266
1.72,1.8,G2,0.735993985569975
1.72,1.8,G3,0.40161511622818225
1.72,1.9000000000000001,G1,0.07239347917128955
1.72,1.9000000000000001,G2,0.7335346972097294
1.72,1.9000000000000001,G3,0.3998875976092443
1.72,2.0,G1,0.07208605247665786
1.72,2.0,G2,0.7313311933871668
1.72,2.0,G3,0.39833231780832096
1.74,0.0,G1,0.1045151565347079
1.74,0.0,G2,1.1055588518858186
1.74,0.0,G3,0.5796831888620655
1.74,0.1,G1,0.09885041595179034
1.74,0.1,G2,1.0196873722413646
1.74,0.1,G3,0.5473181298020005
1.74,0.2,G1,0.09432249034343633
1.74,0.2,G2,0.9569888731719107
1.74,0.2,G3,0.5214717319641928
1.74,0.30000000000000004,G1,0.09069148242232658
1.74,0.30000000000000004,G2,0.9108162670429638
1.74,0.30000000000000004,G3,0.500780794530543
1.74,0.4,G1,0.0877577873141133
1.74,0.4,G2,0.8762863295901394
1.74,0.4,G3,0.48411597192875033
1.74,0.5,G1,0.08536333416249492
1.74,0.5,G2,0.8499866086002655
1.74,0.5,G3,0.47058021458975113
1.74,0.6000000000000001,G1,0.08339115076341602
1.74,0.6000000000000001,G2,0.8295667586908103
1.74,0.6000000000000001,G3,0.4594845626238179
1.74,0.7000000000000001,G1,0.08174548719814603
1.74,0.7000000000000001,G2,0.8134199985318895
1.74,0.7000000000000001,G3,0.450295680304306
1.74,0.8,G1,0.08036171144062551
1.74,0.8,G2,0.8004360590517688
1.74,0.8,G3,0.4426140395654582
1.74,0.9,G1,0.07918356495984805
1.74,0.9,G2,0.789832322610803
1.74,0.9,G3,0.4361329688304418
1.74,1.0,G1,0.0781735795140812
1.74,1.0,G2,0.7810515149499233
1.74,1.0,G3,0.4306167354456759
1.74,1.1,G1,0.07730023741983626
1.74,1.1,G2,0.7736894071297861
1.74,1.1,G3,0.42588486086452304
1.74,1.2000000000000002,G1,0.07653790993342834
1.74,1.2000000000000002,G2,0.7674479771427416
1.74,1.2000000000000002,G3,0.42179568411010643
1.74,1.3,G1,0.07586871727134861
1.74,1.3,G2,0.7621054724373472
1.74,1.3,G3,0.41823822228484164
1.74,1.4000000000000001,G1,0.07528014807590792
1.74,1.4000000000000001,G2,0.7574882745954803
1.74,1.4000000000000001,G3,0.4151242977510785
1.74,1.5,G1,0.07475890994371147
1.74,1.5,G2,0.753469723033108
1.74,1.5,G3,0.41238318415862496
1.74,1.6,G1,0.07429159545324265
1.74,1.6,G2,0.7499465020795604
1.74,1.6,G3,0.40995751197860114
1.74,1.7000000000000002,G1,0.07387462341265362
1.74,1.7000000000000002,G2,0.7468380211912299
1.74,1.7000000000000002,G3,0.4078006369532897
1.74,1.8,G1,0.07350031401113306
1.74,1.8,G2,0.744079862907548
1.74,1.8,G3,0.40587422071276924
1.74,1.9000000000000001,G1,0.07316133707523052
1.74,1.9000000000000001,G2,0.7416199926304566
1.74,1.9000000000000001,G3,0.404146514428599
1.74,2.0,G1,0.07285409547998692
1.74,2.0,G2,0.7394159655532133
1.74,2.0,G3,0.40259104045982064
1.76,0.0,G1,0.10527794005787862
1.76,0.0,G2,1.1136286905849606
1.76,0.0,G3,0.5839149003613011
1.76,0.1,G1,0.09961382233205923
1.76,0.1,G2,1.0277641607531929
1.76,0.1,G3,0.5515514679603456
1.76,0.2,G1,0.09508690807579155
1.76,0.2,G2,0.9650799283382097
1.76,0.2,G3,0.5257097669207192
1.76,0.30000000000000004,G1,0.09145695938336108
1.76,0.30000000000000004,G2,0.9189120355303776
1.76,0.30000000000000004,G3,0.5050257654663332
1.76,0.4,G1,0.08852412459319108
1.76,0.4,G2,0.8843861433406849
1.76,0.4,G3,0.4883659050441267
1.76,0.5,G1,0.0861315895470824
1.76,0.5,G2,0.8580875165563568
1.76,0.5,G3,0.47483526050668795
1.76,0.6000000000000001,G1,0.08415759323141356
1.76,0.6000000000000001,G2,0.837666165808483
1.76,0.6000000000000001,G3,0.46373950984966905
1.76,0.7000000000000001,G1,0.08251238872536071
1.76,0.7000000000000001,G2,0.821518526391007
1.76,0.7000000000000001,G3,0.4545533354903812
1.76,0.8,G1,0.08112746761321983
1.76,0.8,G2,0.8085328978166436
1.76,0.8,G3,0.44687189130714333
1.76,0.9,G1,0.07995120853787714
1.76,0.9,G2,0.7979275099208889
1.76,0.9,G3,0.4403916788533047
1.76,1.0,G1,0.0789411240233168
1.76,1.0,G2,0.7891451172738977
1.76,1.0,G3,0.43487613383623225
1.76,1.1,G1,0.07806773604770771
1.76,1.1,G2,0.7817815454737373
1.76,1.1,G3,0.43014425635671616
1.76,1.2000000000000002,G1,0.07730692025774809
1.76,1.2000000000000002,G2,0.7755388079541193
1.76,1.2000000000000002,G3,0.42605513541560847
1.76,1.3,G1,0.07663826273548048
1.76,1.3,G2,0.7701937512230564
1.76,1.3,G3,0.42249781924976165
1.76,1.4000000000000001,G1,0.0760506354075395
1.76,1.4000000000000001,G2,0.7655779098962145
1.76,1.4000000000000001,G3,0.41938370386075235
1.76,1.5,G1,0.07552544826832518
1.76,1.5,G2,0.7615558050109892
1.76,1.5,G3,0.4166422310795215
1.76,1.6,G1,0.07505991891588511
1.76,1.6,G2,0.7580333345456138
1.76,1.6,G3,0.4142163989430747
1.76,1.7000000000000002,G1,0.07464352973889958
1.76,1.7000000000000002,G2,0.7549241356715852
1.76,1.7000000000000002,G3,0.4120593609602394
1.76,1.8,G1,0.07426920456040621
1.76,1.8,G2,0.7521653393983992
1.76,1.8,G3,0.4101327690555057
1.76,1.9000000000000001,G1,0.07392746300910237
1.76,1.9000000000000001,G2,0.7497049026282713
1.76,1.9000000000000001,G3,0.4084048781760269
1.76,2.0,G1,0.07362102953872539
1.76,2.0,G2,0.7475003679010056
1.76,2.0,G3,0.406849213314802
1.78,0.0,G1,0.10604005849106586
1.78,0.0,G2,1.1216985048974617
1.78,0.0,G3,0.5881464942448387
1.78,0.1,G1,0.10037722374611324
1.78,0.1,G2,1.0358408440570466
1.78,0.1,G3,0.5557864053399272
1.78,0.2,G1,0.09585129666260556
1.78,0.2,G2,0.9731656821418632
1.78,0.2,G3,0.529951393711006
1.78,0.30000000000000004,G1,0.0922220652195345
1.78,0.30000000000000004,G2,0.92700727863817
1.78,0.30000000000000004,G3,0.5092695289608329
1.78,0.4,G1,0.0892903988698752
1.78,0.4,G2,0.892485351674703
1.78,0.4,G3,0.4926155208455558
1.78,0.5,G1,0.08689869841857949
1.78,0.5,G2,0.8661844663851678
1.78,0.5,G3,0.4790894214886441
1.78,0.6000000000000001,G1,0.08492586218292543
1.78,0.6000000000000001,G2,0.8457658818303512
1.78,0.6000000000000001,G3,0.4679953823082708
1.78,0.7000000000000001,G1,0.08328155025908017
1.78,0.7000000000000001,G2,0.8296177632020733
1.78,0.7000000000000001,G3,0.45881042554578383
1.78,0.8,G1,0.08189570050850782
1.78,0.8,G2,0.816629136043641
1.78,0.8,G3,0.4511301440317803
1.78,0.9,G1,0.08071693981686577
1.78,0.9,G2,0.8060221380606707
1.78,0.9,G3,0.44464962755521137
1.78,1.0,G1,0.07970871585063205
1.78,1.0,G2,0.7972382007908176
1.78,1.0,G3,0.43913485569285815
1.78,1.1,G1,0.07883518025230773
1.78,1.1,G2,0.7898732054136762
1.78,1.1,G3,0.43440329743774664
1.78,1.2000000000000002,G1,0.07807430364391635
1.78,1.2000000000000002,G2,0.7836291771948098
1.78,1.2000000000000002,G3,0.43031422417575266
1.78,1.3,G1,0.07740704094786746
1.78,1.3,G2,0.7782829779376359
1.78,1.3,G3,0.42675670163509366
1.78,1.4000000000000001,G1,0.07681703854863588
1.78,1.4000000000000001,G2,0.7736650174712228
1.78,1.4000000000000001,G3,0.4236426765460693
1.78,1.5,G1,0.07629412994703558
1.78,1.5,G2,0.7696446168887014
1.78,1.5,G3,0.42090107930734416
1.78,1.6,G1,0.0758266502573074
1.78,1.6,G2,0.7661186592669824
1.78,1.6,G3,0.4184749025325925
1.78,1.7000000000000002,G1,0.07540978273971163
1.78,1.7000000000000002,G2,0.7630083150138869
1.78,1.7000000000000002,G3,0.41631754306244867
1.78,1.8,G1,0.0750345578918501
1.78,1.8,G2,0.7602501093866948
1.78,1.8,G3,0.41439077804736857
1.78,1.9000000000000001,G1,0.07469623504469702
1.78,1.9000000000000001,G2,0.7577894500316551
1.78,1.9000000000000001,G3,0.4126627054476522
1.78,2.0,G1,0.0743896296004644
1.78,2.0,G2,0.7555844110830131
1.78,2.0,G3,0.41110685280207826
1.8,0.0,G1,0.10680299445426626
1.8,0.0,G2,1.1297682993783495
1.8,0.0,G3,0.5923785066670685
1.8,0.1,G1,0.101142527202662
1.8,0.1,G2,1.0439174265613331
1.8,0.1,G3,0.5600205414508281
1.8,0.2,G1,0.09661565687098472
1.8,0.2,G2,0.9812528757805625
1.8,0.2,G3,0.5341907066774818
1.8,0.30000000000000004,G1,0.09298743658940538
1.8,0.30000000000000004,G2,0.9351020117467665
1.8,0.30000000000000004,G3,0.5135149758768095
1.8,0.4,G1,0.09005660637135435
1.8,0.4,G2,0.9005839653921573
1.8,0.4,G3,0.49686480372181924
1.8,0.5,G1,0.08766509846778833
1.8,0.5,G2,0.8742841582240565
1.8,0.5,G3,0.48334057539129544
1.8,0.6000000000000001,G1,0.08569322829523636
1.8,0.6000000000000001,G2,0.8538650205521534
1.8,0.6000000000000001,G3,0.472250670352631
1.8,0.7000000000000001,G1,0.08404801894872033
1.8,0.7000000000000001,G2,0.8377146578159744
1.8,0.7000000000000001,G3,0.4630659335191028
1.8,0.8,G1,0.08266216235170544
1.8,0.8,G2,0.8247264347586004
1.8,0.8,G3,0.45538783368322294
1.8,0.9,G1,0.08148536715441163
1.8,0.9,G2,0.814116213983442
1.8,0.9,G3,0.4489075392115197
1.8,1.0,G1,0.08047678994929484
1.8,1.0,G2,0.8053307702565202
1.8,1.0,G3,0.44339263446266525
1.8,1.1,G1,0.07960268917003314
1.8,1.1,G2,0.7979643865929197
1.8,1.1,G3,0.43866173930314895
1.8,1.2000000000000002,G1,0.07884163523552698
1.8,1.2000000000000002,G2,0.7917191059394763
1.8,1.2000000000000002,G3,0.43457279444671804
1.8,1.3,G1,0.07817430558334011
1.8,1.3,G2,0.7863717826218222
1.8,1.3,G3,0.4310152374421374
1.8,1.4000000000000001,G1,0.0775855057699408
1.8,1.4000000000000001,G2,0.7817528250272301
1.8,1.4000000000000001,G3,0.42790095048839333
1.8,1.5,G1,0.07706312354283892
1.8,1.5,G2,0.7777315457839422
1.8,1.5,G3,0.42515940831309806
1.8,1.6,G1,0.07659580133043196
1.8,1.6,G2,0.7742059081084337
1.8,1.6,G3,0.42273308352203637
1.8,1.7000000000000002,G1,0.07617804402591538
1.8,1.7000000000000002,G2,0.7710952800286133
1.8,1.7000000000000002,G3,0.4205755293399652
1.8,1.8,G1,0.07580109454207891
1.8,1.8,G2,0.7683352113133839
1.8,1.8,G3,0.4186484198244867
1.8,1.9000000000000001,G1,0.07546238158375598
1.8,1.9000000000000001,G2,0.7658755967602306
1.8,1.9000000000000001,G3,0.4169200137634514
1.8,2.0,G1,0.07515507114153835
1.8,2.0,G2,0.7636682801850594
1.8,2.0,G3,0.4153639750004341
1.82,0.0,G1,0.1075659250524123
1.82,0.0,G2,1.137837975275579
1.82,0.0,G3,0.5966074427570398
1.82,0.1,G1,0.10190581488119681
1.82,0.1,G2,1.05199391234284
1.82,0.1,G3,0.5642545095388625
1.82,0.2,G1,0.09737998946480698
1.82,0.2,G2,0.9893397683163916
1.82,0.2,G3,0.5384298817030958
1.82,0.30000000000000004,G1,0.09375276170542618
1.82,0.30000000000000004,G2,0.9431962513910288
1.82,0.30000000000000004,G3,0.5177611175670173
1.82,0.4,G1,0.09082274375555338
1.82,0.4,G2,0.9086819963977656
1.82,0.4,G3,0.5011137326013734
1.82,0.5,G1,0.08843181581259671
1.82,0.5,G2,0.8823832541253535
1.82,0.5,G3,0.4875927961153593
1.82,0.6000000000000001,G1,0.08646014698566126
1.82,0.6000000000000001,G2,0.8619635887417616
1.82,0.6000000000000001,G3,0.4765057023946062
1.82,0.7000000000000001,G1,0.08481695094248579
1.82,0.7000000000000001,G2,0.845811915801765
1.82,0.7000000000000001,G3,0.4673225046714699
1.82,0.8,G1,0.08343119933819114
1.82,0.8,G2,0.832819999628602
1.82,0.8,G3,0.45964495302395636
1.82,0.9,G1,0.0822528934782093
1.82,0.9,G2,0.822209702120938
1.82,0.9,G3,0.45316536714794114
1.82,1.0,G1,0.08124244537209241
1.82,1.0,G2,0.8134228312382507
1.82,1.0,G3,0.4476499473813509
1.82,1.1,G1,0.08037057089328463
1.82,1.1,G2,0.8060550934197303
1.82,1.1,G3,0.4429191784275322
1.82,1.2000000000000002,G1,0.07960903240341217
1.82,1.2000000000000002,G2,0.7998085904327084
1.82,1.2000000000000002,G3,0.43883075208608974
1.82,1.3,G1,0.07894151958306857
1.82,1.3,G2,0.7944601755472128
1.82,1.3,G3,0.4352732692459023
1.82,1.4000000000000001,G1,0.07835265197777011
1.82,1.4000000000000001,G2,0.7898402467384058
1.82,1.4000000000000001,G3,0.4321588948983188
1.82,1.5,G1,0.07783019487393313
1.82,1.5,G2,0.7858181010285066
1.82,1.5,G3,0.42941705478474446
1.82,1.6,G1,0.07736432406530072
1.82,1.6,G2,0.7822916948976899
1.82,1.6,G3,0.42699058671145523
1.82,1.7000000000000002,G1,0.07694583466466338
1.82,1.7000000000000002,G2,0.7791803877822457
1.82,1.7000000000000002,G3,0.42483304629063484
1.82,1.8,G1,0.07657002051978926
1.82,1.8,G2,0.7764197131907883
1.82,1.8,G3,0.42290576300835475
1.82,1.9000000000000001,G1,0.07623059176682422
1.82,1.9000000000000001,G2,0.7739575968245201
1.82,1.9000000000000001,G3,0.4211771754985968
1.82,2.0,G1,0.07592491418098864
1.82,2.0,G2,0.771751554429443
1.82,2.0,G3,0.4196208135777793
1.84,0.0,G1,0.108328839529923
1.84,0.0,G2,1.1459062352621097
1.84,0.0,G3,0.600839873309529
1.84,0.1,G1,0.10266909496244236
1.84,0.1,G2,1.0600703050843419
1.84,0.1,G3,0.5684879876220181
1.84,0.2,G1,0.0981442952097531
1.84,0.2,G2,0.9974263691194709
1.84,0.2,G3,0.5426680838739303
1.84,0.30000000000000004,G1,0.09451804175189497
1.84,0.30000000000000004,G2,0.9512900151347435
1.84,0.30000000000000004,G3,0.5220044463169111
1.84,0.4,G1,0.09158880881802803
1.84,0.4,G2,0.916779457831047
1.84,0.4,G3,0.5053620966269383
1.84,0.5,G1,0.08919846463224966
1.84,0.5,G2,0.890481762813737
1.84,0.5,G3,0.49184466613528355
1.84,0.6000000000000001,G1,0.0872269278299441
1.84,0.6000000000000001,G2,0.8700582464510352
1.84,0.6000000000000001,G3,0.48075799189641516
1.84,0.7000000000000001,G1,0.08558420367015818
1.84,0.7000000000000001,G2,0.8539086484093296
1.84,0.7000000000000001,G3,0.4715789505164433
1.84,0.8,G1,0.08419785421785479
1.84,0.8,G2,0.8409159166811427
1.84,0.8,G3,0.4639006031754942
1.84,0.9,G1,0.08302209511603044
1.84,0.9,G2,0.8303038334876318
1.84,0.9,G3,0.4574226537966934
1.84,1.0,G1,0.08201054906484731
1.84,1.0,G2,0.8215144912627168
1.84,1.0,G3,0.45190781431514987
1.84,1.1,G1,0.0811360856779674
1.84,1.1,G2,0.8141453301595305
1.84,1.1,G3,0.44717616014946004
1.84,1.2000000000000002,G1,0.08037681363015839
1.84,1.2000000000000002,G2,0.8078976348838669
1.84,1.2000000000000002,G3,0.44308774699205333
1.84,1.3,G1,0.0797087834678973
1.84,1.3,G2,0.8025481549870961
1.84,1.3,G3,0.4395306002132586
1.84,1.4000000000000001,G1,0.07911974754170348
1.84,1.4000000000000001,G2,0.7979272793222465
1.84,1.4000000000000001,G3,0.4364163503792678
1.84,1.5,G1,0.07859722483551021
1.84,1.5,G2,0.79390429296344
1.84,1.5,G3,0.43367438904078964
1.84,1.6,G1,0.078131284461799
1.84,1.6,G2,0.7903771396602216
1.84,1.6,G3,0.4312477759773107
1.84,1.7000000000000002,G1,0.07771388794853228
1.84,1.7000000000000002,G2,0.7872651631656651
1.84,1.7000000000000002,G3,0.42908990135096176
1.84,1.8,G1,0.07733840207215222
1.84,1.8,G2,0.7845038914470572
1.84,1.8,G3,0.42716244927883823
1.84,1.9000000000000001,G1,0.07699931101511347
1.84,1.9000000000000001,G2,0.7820412411424895
1.84,1.9000000000000001,G3,0.42543385804896333
1.84,2.0,G1,0.07669055624429238
1.84,2.0,G2,0.7798347218086135
1.84,2.0,G3,0.42387731230811776
1.86,0.0,G1,0.10909147319027486
1.86,0.0,G2,1.1539783281392932
1.86,0.0,G3,0.6050710537209353
1.86,0.1,G1,0.10343236867457666
1.86,0.1,G2,1.0681466080290094
1.86,0.1,G3,0.5727215745609793
1.86,0.2,G1,0.09890861171254842
1.86,0.2,G2,1.0055126873981137
1.86,0.2,G3,0.5469068841242408
1.86,0.30000000000000004,G1,0.09528327788286706
1.86,0.30000000000000004,G2,0.9593833214000667
1.86,0.30000000000000004,G3,0.5262490105083645
1.86,0.4,G1,0.09235447343008113
1.86,0.4,G2,0.9248763641258342
1.86,0.4,G3,0.5096088821139704
1.86,0.5,G1,0.08996504106000207
1.86,0.5,G2,0.8985796939350178
1.86,0.5,G3,0.4960961724714252
1.86,0.6000000000000001,G1,0.08799386937808014
1.86,0.6000000000000001,G2,0.8781556923817887
1.86,0.6000000000000001,G3,0.48501294685258217
1.86,0.7000000000000001,G1,0.0863506078431454
1.86,0.7000000000000001,G2,0.8620015145182233
1.86,0.7000000000000001,G3,0.47583404213305613
1.86,0.8,G1,0.08496740284394513
1.86,0.8,G2,0.8490106025177618
1.86,0.8,G3,0.4681571974830566
1.86,0.9,G1,0.08378822413520128
1.86,0.9,G2,0.8383965670629792
1.86,0.9,G3,0.461679410031261
1.86,1.0,G1,0.08277979468586613
1.86,1.0,G2,0.8296070743558845
1.86,1.0,G3,0.4561649916180432
1.86,1.1,G1,0.08190406991766395
1.86,1.1,G2,0.8222350602017906
1.86,1.1,G3,0.45143361617196237
1.86,1.2000000000000002,G1,0.08114222434413844
1.86,1.2000000000000002,G2,0.8159862424150706
1.86,1.2000000000000002,G3,0.4473442966918889
1.86,1.3,G1,0.0804765449640707
1.86,1.3,G2,0.8106357236969599
1.86,1.3,G3,0.44378708948491125
1.86,1.4000000000000001,G1,0.07988681419683469
1.86,1.4000000000000001,G2,0.8060139244678084
1.86,1.4000000000000001,G3,0.440672956068837
1.86,1.5,G1,0.07936420328330042
1.86,1.5,G2,0.8019901179449193
1.86,1.5,G3,0.43793124606082046
1.86,1.6,G1,0.07889820109049711
1.86,1.6,G2,0.798462235704721
1.86,1.6,G3,0.435504493965907
1.86,1.7000000000000002,G1,0.07848074074826174
1.86,1.7000000000000002,G2,0.7953496100479372
1.86,1.7000000000000002,G3,0.4333464609043864
1.86,1.8,G1,0.07810519041283463
1.86,1.8,G2,0.7925877586278889
1.86,1.8,G3,0.4314188395524299
1.86,1.9000000000000001,G1,0.07776603514800727
1.86,1.9000000000000001,G2,0.7901245884730431
1.86,1.9000000000000001,G3,0.4296898992192745
1.86,2.0,G1,0.0774586556315355
1.86,2.0,G2,0.7879175991789115
1.86,2.0,G3,0.4281331743150393
1.8800000000000001,0.0,G1,0.10985447564540779
1.8800000000000001,0.0,G2,1.1620474524980966
1.8800000000000001,0.0,G3,0.6093022332545435
1.8800000000000001,0.1,G1,0.10419563727916323
1.8800000000000001,0.1,G2,1.0762228239531575
1.8800000000000001,0.1,G3,0.5769553187511339
1.8800000000000001,0.2,G1,0.09967291900638328
1.8800000000000001,0.2,G2,1.0135987322279034
1.8800000000000001,0.2,G3,0.5511452711094341
1.8800000000000001,0.30000000000000004,G1,0.09604847122752777
1.8800000000000001,0.30000000000000004,G2,0.9674795369409289
1.8800000000000001,0.30000000000000004,G3,0.5304928818143
1.8800000000000001,0.4,G1,0.09312041453158879
1.8800000000000001,0.4,G2,0.9329727310043229
1.8800000000000001,0.4,G3,0.5138578656667159
1.8800000000000001,0.5,G1,0.09073154157620696
1.8800000000000001,0.5,G2,0.9066770582836002
1.8800000000000001,0.5,G3,0.5003472952849388
1.8800000000000001,0.6000000000000001,G1,0.08876074187326237
1.8800000000000001,0.6000000000000001,G2,0.8862525872611123
1.8800000000000001,0.6000000000000001,G3,0.48926624135277363
1.8800000000000001,0.7000000000000001,G1,0.08711749834610533
1.8800000000000001,0.7000000000000001,G2,0.8700972108369083
1.8800000000000001,0.7000000000000001,G3,0.480090067023136
1.8800000000000001,0.8,G1,0.08573332555208012
1.8800000000000001,0.8,G2,0.8571048135185356
1.8800000000000001,0.8,G3,0.47241298433550916
1.8800000000000001,0.9,G1,0.08455429167938985
1.8800000000000001,0.9,G2,0.8464892448493088
1.8800000000000001,0.9,G3,0.46593494109930816
1.8800000000000001,1.0,G1,0.08354541744429297
1.8800000000000001,1.0,G2,0.8376973304712482
1.8800000000000001,1.0,G3,0.4604216126376477
1.8800000000000001,1.1,G1,0.08267025754264117
1.8800000000000001,1.1,G2,0.8303255020867605
1.8800000000000001,1.1,G3,0.45569049152463365
1.8800000000000001,1.2000000000000002,G1,0.08191010134180993
1.8800000000000001,1.2000000000000002,G2,0.8240731894393943
1.8800000000000001,1.2000000000000002,G3,0.45160136482757035
1.8800000000000001,1.3,G1,0.08124188898074555
1.8800000000000001,1.3,G2,0.8187228839236353
1.8800000000000001,1.3,G3,0.44804314826319114
1.8800000000000001,1.4000000000000001,G1,0.08065533786116817
1.8800000000000001,1.4000000000000001,G2,0.8141001837843957
1.8800000000000001,1.4000000000000001,G3,0.4449289067124161
1.8800000000000001,1.5,G1,0.08013154469417402
1.8800000000000001,1.5,G2,0.8100755773942502
1.8800000000000001,1.5,G3,0.44218706307733774
1.8800000000000001,1.6,G1,0.07966518161093337
1.8800000000000001,1.6,G2,0.806546984272178
1.8800000000000001,1.6,G3,0.43976048800716483
1.8800000000000001,1.7000000000000002,G1,0.0792475470705052
1.8800000000000001,1.7000000000000002,G2,0.8034337254551177
1.8800000000000001,1.7000000000000002,G3,0.4376025645758441
1.8800000000000001,1.8,G1,0.07887193860093987
1.8800000000000001,1.8,G2,0.8006713084965249
1.8800000000000001,1.8,G3,0.4356747768486727
1.8800000000000001,1.9000000000000001,G1,0.07853272533759895
1.8800000000000001,1.9000000000000001,G2,0.7982076315679464
1.8800000000000001,1.9000000000000001,G3,0.43394566284636804
1.8800000000000001,2.0,G1,0.07822528857868495
1.8800000000000001,2.0,G2,0.7960001865930874
1.8800000000000001,2.0,G3,0.43238875929044696
1.9000000000000001,0.0,G1,0.11061819223030331
1.9000000000000001,0.0,G2,1.1701168700500089
1.9000000000000001,0.0,G3,0.6135334022702347
1.9000000000000001,0.1,G1,0.1049589020559052
1.9000000000000001,0.1,G2,1.0842997521388564
1.9000000000000001,0.1,G3,0.5811892262525127
1.9000000000000001,0.2,G1,0.10043720698352683
1.9000000000000001,0.2,G2,1.0216845125175686
1.9000000000000001,0.2,G3,0.55538473705754
1.9000000000000001,0.30000000000000004,G1,0.09681362289627402
1.9000000000000001,0.30000000000000004,G2,0.9755703513490912
1.9000000000000001,0.30000000000000004,G3,0.5347365346406665
1.9000000000000001,0.4,G1,0.09388630001548792
1.9000000000000001,0.4,G2,0.9410685754112443
1.9000000000000001,0.4,G3,0.5181073323896823
1.9000000000000001,0.5,G1,0.09149796379353604
1.9000000000000001,0.5,G2,0.9147738679512636
1.9000000000000001,0.5,G3,0.5045978801306332
1.9000000000000001,0.6000000000000001,G1,0.08952754166457345
1.9000000000000001,0.6000000000000001,G2,0.8943489387929188
1.9000000000000001,0.6000000000000001,G3,0.49351916454179845
1.9000000000000001,0.7000000000000001,G1,0.08788451594453221
1.9000000000000001,0.7000000000000001,G2,0.8781923960872298
1.9000000000000001,0.7000000000000001,G3,0.4843426980259775
1.9000000000000001,0.8,G1,0.08650062511688396
1.9000000000000001,0.8,G2,0.8651952067145537
1.9000000000000001,0.8,G3,0.47666894100977963
1.9000000000000001,0.9,G1,0.08532202035516319
1.9000000000000001,0.9,G2,0.8545814903518614
1.9000000000000001,0.9,G3,0.47019040967395503
1.9000000000000001,1.0,G1,0.08431190955685022
1.9000000000000001,1.0,G2,0.8457881486330503
1.9000000000000001,1.0,G3,0.46467687530490254
1.9000000000000001,1.1,G1,0.08343884761985462
1.9000000000000001,1.1,G2,0.8384146371380766
1.9000000000000001,1.1,G3,0.4599468198415462
1.9000000000000001,1.2000000000000002,G1,0.08267617584877733
1.9000000000000001,1.2000000000000002,G2,0.8321623338340655
1.9000000000000001,1.2000000000000002,G3,0.4558578266846651
1.9000000000000001,1.3,G1,0.08200969412279535
1.9000000000000001,1.3,G2,0.826809902428417
1.9000000000000001,1.3,G3,0.45229986975863623
1.9000000000000001,1.4000000000000001,G1,0.0814199707978364
1.9000000000000001,1.4000000000000001,G2,0.8221859844723672
1.9000000000000001,1.4000000000000001,G3,0.4491849345385462
1.9000000000000001,1.5,G1,0.08089661203448761
1.9000000000000001,1.5,G2,0.818160672203838
1.9000000000000001,1.5,G3,0.44644246076558836
1.9000000000000001,1.6,G1,0.08043262051685175
1.9000000000000001,1.6,G2,0.8146313857599508
1.9000000000000001,1.6,G3,0.4440157312713838
1.9000000000000001,1.7000000000000002,G1,0.08001454356936633
1.9000000000000001,1.7000000000000002,G2,0.8115175095585474
1.9000000000000001,1.7000000000000002,G3,0.441857666592287
1.9000000000000001,1.8,G1,0.07963875840355986
1.9000000000000001,1.8,G2,0.8087545412029915
1.9000000000000001,1.8,G3,0.4399299667565956
1.9000000000000001,1.9000000000000001,G1,0.07929937144702626
1.9000000000000001,1.9000000000000001,G2,0.8062903701704096
1.9000000000000001,1.9000000000000001,G3,0.43820090952254415
1.9000000000000001,2.0,G1,0.07899188250441934
1.9000000000000001,2.0,G2,0.8040824808729561
1.9000000000000001,2.0,G3,0.4366439094501584
1.9200000000000002,0.0,G1,0.11137950946488406
1.9200000000000002,0.0,G2,1.1781862571235957
1.9200000000000002,0.0,G3,0.6177645504055473
1.9200000000000002,0.1,G1,0.1057221642841853
1.9200000000000002,0.1,G2,1.0923759427852597
1.9200000000000002,0.1,G3,0.585423310006267
1.9200000000000002,0.2,G1,0.10120340854447453
1.9200000000000002,0.2,G2,1.0297700369401195
1.9200000000000002,0.2,G3,0.5596231900477724
1.9200000000000002,0.30000000000000004,G1,0.09757873398645822
1.9200000000000002,0.30000000000000004,G2,0.9836625435738283
1.9200000000000002,0.30000000000000004,G3,0.5389799793138184
1.9200000000000002,0.4,G1,0.09465213129611319
1.9200000000000002,0.4,G2,0.9491639153940127
1.9200000000000002,0.4,G3,0.5223538590700367
1.9200000000000002,0.5,G1,0.09226396050642807
1.9200000000000002,0.5,G2,0.9228701364018126
1.9200000000000002,0.5,G3,0.5088481894959687
1.9200000000000002,0.6000000000000001,G1,0.09029426476100598
1.9200000000000002,0.6000000000000001,G2,0.902444755812089
1.9200000000000002,0.6000000000000001,G3,0.4977717004170056
1.9200000000000002,0.7000000000000001,G1,0.0886514646166352
1.9200000000000002,0.7000000000000001,G2,0.8862870755692562
1.9200000000000002,0.7000000000000001,G3,0.4885966071436069
1.9200000000000002,0.8,G1,0.08726744296559416
1.9200000000000002,0.8,G2,0.8732884773919125
1.9200000000000002,0.8,G3,0.4809219590118332
1.9200000000000002,0.9,G1,0.08609037099760646
1.9200000000000002,0.9,G2,0.8626699594304269
1.9200000000000002,0.9,G3,0.4744468582622958
1.9200000000000002,1.0,G1,0.08508009316746795
1.9200000000000002,1.0,G2,0.8538785722999727
1.9200000000000002,1.0,G3,0.46893298959727353
1.9200000000000002,1.1,G1,0.08420551121897982
1.9200000000000002,1.1,G2,0.8465037810579578
1.9200000000000002,1.1,G3,0.464201735456034
1.9200000000000002,1.2000000000000002,G1,0.08344469713600872
1.9200000000000002,1.2000000000000002,G2,0.8402510102130506
1.9200000000000002,1.2000000000000002,G3,0.4601137506874327
1.9200000000000002,1.3,G1,0.08277865220636191
1.9200000000000002,1.3,G2,0.8348960802415466
1.9200000000000002,1.3,G3,0.456555842222703
1.9200000000000002,1.4000000000000001,G1,0.08218719874596633
1.9200000000000002,1.4000000000000001,G2,0.8302726628745353
1.9200000000000002,1.4000000000000001,G3,0.45344086385300064
1.9200000000000002,1.5,G1,0.0816643251783712
1.9200000000000002,1.5,G2,0.8262460135014135
1.9200000000000002,1.5,G3,0.4506982478503491
1.9200000000000002,1.6,G1,0.0811976479539231
1.9200000000000002,1.6,G2,0.8227149700840115
1.9200000000000002,1.6,G3,0.4482705739179176
1.9200000000000002,1.7000000000000002,G1,0.08077944212089781
1.9200000000000002,1.7000000000000002,G2,0.8195997683971534
1.9200000000000002,1.7000000000000002,G3,0.4461123416766873
1.9200000000000002,1.8,G1,0.0804060127528462
1.9200000000000002,1.8,G2,0.8168374562292148
1.9200000000000002,1.8,G3,0.4441844684624667
1.9200000000000002,1.9000000000000001,G1,0.08006630866705172
1.9200000000000002,1.9000000000000001,G2,0.8143728034515472
1.9200000000000002,1.9000000000000001,G3,0.4424552342237111
1.9200000000000002,2.0,G1,0.07975851509658571
1.9200000000000002,2.0,G2,0.8121644810138743
1.9200000000000002,2.0,G3,0.4408981814689981
1.94,0.0,G1,0.11214386271937545
1.94,0.0,G2,1.186255766259904
1.94,0.0,G3,0.6219956681890753
1.94,0.1,G1,0.10648482765885492
1.94,0.1,G2,1.100451999174284
1.94,0.1,G3,0.5896576165360127
1.94,0.2,G1,0.10196755315206396
1.94,0.2,G2,1.0378553138497026
1.94,0.2,G3,0.5638620125516458
1.94,0.30000000000000004,G1,0.09834380964453102
1.94,0.30000000000000004,G2,0.991754351609848
1.94,0.30000000000000004,G3,0.5432221057580522
1.94,0.4,G1,0.09541790975003521
1.94,0.4,G2,0.9572587699348452
1.94,0.4,G3,0.526601473461018
1.94,0.5,G1,0.09303024502412348
1.94,0.5,G2,0.9309658784768838
1.94,0.5,G3,0.5130979361934652
1.94,0.6000000000000001,G1,0.09106090795532802
1.94,0.6000000000000001,G2,0.9105400484741795
1.94,0.6000000000000001,G3,0.5020238277981601
1.94,0.7000000000000001,G1,0.08941834073323894
1.94,0.7000000000000001,G2,0.894381255522758
1.94,0.7000000000000001,G3,0.49285014132639904
1.94,0.8,G1,0.08803444138362061
1.94,0.8,G2,0.8813812829596244
1.94,0.8,G3,0.4851775762688921
1.94,0.9,G1,0.08685768828658744
1.94,0.9,G2,0.8707613459630617
1.94,0.9,G3,0.47870271406258247
1.94,1.0,G1,0.08584726496446107
1.94,1.0,G2,0.8619652562415288
1.94,1.0,G3,0.47318959057287274
1.94,1.1,G1,0.08497440347965332
1.94,1.1,G2,0.8545925630992379
1.94,1.1,G3,0.4684575881441141
1.94,1.2000000000000002,G1,0.08421123150050679
1.94,1.2000000000000002,G2,0.8483386669089859
1.94,1.2000000000000002,G3,0.46436829675609886
1.94,1.3,G1,0.08354395890200417
1.94,1.3,G2,0.8429837158738457
1.94,1.3,G3,0.4608112997390657
1.94,1.4000000000000001,G1,0.08295340432077256
1.94,1.4000000000000001,G2,0.8383580235558814
1.94,1.4000000000000001,G3,0.45769629822859237
1.94,1.5,G1,0.08243080347043982
1.94,1.5,G2,0.8343298812369007
1.94,1.5,G3,0.4549536235351776
1.94,1.6,G1,0.08196510442652523
1.94,1.6,G2,0.8307998453854936
1.94,1.6,G3,0.45252616328969275
1.94,1.7000000000000002,G1,0.08154704559273726
1.94,1.7000000000000002,G2,0.8276836600137835
1.94,1.7000000000000002,G3,0.4503673722961681
1.94,1.8,G1,0.08117085663518787
1.94,1.8,G2,0.8249214610176323
1.94,1.8,G3,0.44843858640815887
1.94,1.9000000000000001,G1,0.08083102763747756
1.94,1.9000000000000001,G2,0.8224545113988951
1.94,1.9000000000000001,G3,0.4467091735770018
1.94,2.0,G1,0.08052572820965899
1.94,2.0,G2,0.8202462468097284
1.94,2.0,G3,0.44515194057427293
1.96,0.0,G1,0.11290773397343411
1.96,0.0,G2,1.194325519578812
1.96,0.0,G3,0.6262267480551844
1.96,0.1,G1,0.10724822518534702
1.96,0.1,G2,1.1085279288027077
1.96,0.1,G3,0.5938888010896238
1.96,0.2,G1,0.10273167678313205
1.96,0.2,G2,1.0459403511984433
1.96,0.2,G3,0.5680999244059316
1.96,0.30000000000000004,G1,0.0991088927243063
1.96,0.30000000000000004,G2,0.9998457869755305
1.96,0.30000000000000004,G3,0.547465411652926
1.96,0.4,G1,0.09618363672268619
1.96,0.4,G2,0.9653531587408318
1.96,0.4,G3,0.5308484081973234
1.96,0.5,G1,0.09379646855182704
1.96,0.5,G2,0.9390611103386907
1.96,0.5,G3,0.5173486774257975
1.96,0.6000000000000001,G1,0.09182746942129137
1.96,0.6000000000000001,G2,0.9186348283666863
1.96,0.6000000000000001,G3,0.5062753267730775
1.96,0.7000000000000001,G1,0.09018514011925471
1.96,0.7000000000000001,G2,0.9024749434002893
1.96,0.7000000000000001,G3,0.4971032857658705
1.96,0.8,G1,0.08880137117432707
1.96,0.8,G2,0.8894736276704568
1.96,0.8,G3,0.48943156548731975
1.96,0.9,G1,0.08762429098799973
1.96,0.9,G2,0.8788523059670755
1.96,0.9,G3,0.4829560518537355
1.96,1.0,G1,0.08661450321120136
1.96,1.0,G2,0.8700548932069078
1.96,1.0,G3,0.4774440969410859
1.96,1.1,G1,0.08574049350608826
1.96,1.1,G2,0.8626776370198082
1.96,1.1,G3,0.47271176111749924
1.96,1.2000000000000002,G1,0.08497981320643905
1.96,1.2000000000000002,G2,0.8564259893726246
1.96,1.2000000000000002,G3,0.46862375976202525
1.96,1.3,G1,0.08431018216140351
1.96,1.3,G2,0.851070058373939
1.96,1.3,G3,0.4650654764856593
1.96,1.4000000000000001,G1,0.08372149722412899
1.96,1.4000000000000001,G2,0.8464434950111637
1.96,1.4000000000000001,G3,0.46195125668543036
1.96,1.5,G1,0.08319937840718881
1.96,1.5,G2,0.8424154926780235
1.96,1.5,G3,0.45920849726229596
1.96,1.6,G1,0.08273402285135704
1.96,1.6,G2,0.8388839072682783
1.96,1.6,G3,0.45678096304170435
1.96,1.7000000000000002,G1,0.08231368553576997
1.96,1.7000000000000002,G2,0.8357669240500347
1.96,1.7000000000000002,G3,0.4546220588004176
1.96,1.8,G1,0.08193816092444965
1.96,1.8,G2,0.8330024757737732
1.96,1.8,G3,0.4526935085170742
1.96,1.9000000000000001,G1,0.08159844053888897
1.96,1.9000000000000001,G2,0.8305376038565581
1.96,1.9000000000000001,G3,0.4509636104674089
1.96,2.0,G1,0.08129048004966055
1.96,2.0,G2,0.8283266618891554
1.96,2.0,G3,0.4494059110118446
1.98,0.0,G1,0.11366874555486639
1.98,0.0,G2,1.2023954294464279
1.98,0.0,G3,0.630457784908337
1.98,0.1,G1,0.10801160314645186
1.98,0.1,G2,1.1166037389782695
1.98,0.1,G3,0.598124277988284
1.98,0.2,G1,0.10349578100594686
1.98,0.2,G2,1.054025156462781
1.98,0.2,G3,0.5723378830392638
1.98,0.30000000000000004,G1,0.09987394362045995
1.98,0.30000000000000004,G2,1.0079368609947303
1.98,0.30000000000000004,G3,0.5517076870941102
1.98,0.4,G1,0.09694931353412972
1.98,0.4,G2,0.9734487286736068
1.98,0.4,G3,0.535095075926502
1.98,0.5,G1,0.09456263262584427
1.98,0.5,G2,0.9471558493558161
1.98,0.5,G3,0.5215973822714869
1.98,0.6000000000000001,G1,0.09259359552026579
1.98,0.6000000000000001,G2,0.9267291085469845
1.98,0.6000000000000001,G3,0.5105272748088928
1.98,0.7000000000000001,G1,0.09095185928746176
1.98,0.7000000000000001,G2,0.9105681480562166
1.98,0.7000000000000001,G3,0.5013560195774557
1.98,0.8,G1,0.08956822833227135
1.98,0.8,G2,0.897565516900967
1.98,0.8,G3,0.49368517878425217
1.98,0.9,G1,0.08839121107730809
1.98,0.9,G2,0.8869428421983192
1.98,0.9,G3,0.48721014654829936
1.98,1.0,G1,0.087381148048702
1.98,1.0,G2,0.8781441381151688
1.98,1.0,G3,0.4816970624577445
1.98,1.1,G1,0.08650764416220005
1.98,1.1,G2,0.870765694676325
1.98,1.1,G3,0.47696813337205757
1.98,1.2000000000000002,G1,0.08574604264079337
1.98,1.2000000000000002,G2,0.864509630459817
1.98,1.2000000000000002,G3,0.47288022014138426
1.98,1.3,G1,0.08507811104255399
1.98,1.3,G2,0.8591560897825754
1.98,1.3,G3,0.46932046676464834
1.98,1.4000000000000001,G1,0.0844872714100749
1.98,1.4000000000000001,G2,0.8545286766895077
1.98,1.4000000000000001,G3,0.4662050683644652
1.98,1.5,G1,0.08396514388425844
1.98,1.5,G2,0.8504999197633597
1.98,1.5,G3,0.4634619044402739
1.98,1.6,G1,0.08349890488248642
1.98,1.6,G2,0.8469676636461501
1.98,1.6,G3,0.46103527984742354
1.98,1.7000000000000002,G1,0.08308215855048641
1.98,1.7000000000000002,G2,0.8438511621848476
1.98,1.7000000000000002,G3,0.4588762632917325
1.98,1.8,G1,0.08270368229271553
1.98,1.8,G2,0.8410858643616547
1.98,1.8,G3,0.4569476057420774
1.98,1.9000000000000001,G1,0.08236480937681477
1.98,1.9000000000000001,G2,0.8386196180714499
1.98,1.9000000000000001,G3,0.45521757844963145
1.98,2.0,G1,0.0820576026035552
1.98,2.0,G2,0.8364087219595425
1.98,2.0,G3,0.4536597290246774
2.0,0.0,G1,0.11443203631756677
2.0,0.0,G2,1.2104654237777008
2.0,0.0,G3,0.6346887763536916
2.0,0.1,G1,0.10877496721488442
2.0,0.1,G2,1.1246794367068775
2.0,0.1,G3,0.6023577789196294
2.0,0.2,G1,0.10425986741320206
2.0,0.2,G2,1.0621097365851886
2.0,0.2,G3,0.5765759368366682
2.0,0.30000000000000004,G1,0.10064100392114807
2.0,0.30000000000000004,G2,1.0160275848027964
2.0,0.30000000000000004,G3,0.5559512102897457
2.0,0.4,G1,0.09771494148760654
2.0,0.4,G2,0.9815423952352383
2.0,0.4,G3,0.5393414882437448
2.0,0.5,G1,0.09532873874058123
2.0,0.5,G2,0.9552501139383249
2.0,0.5,G3,0.5258451824295315
2.0,0.6000000000000001,G1,0.09336002173214929
2.0,0.6000000000000001,G2,0.9348229035127428
2.0,0.6000000000000001,G3,0.5147784429501885
2.0,0.7000000000000001,G1,0.09171849610754534
2.0,0.7000000000000001,G2,0.9186608798560235
2.0,0.7000000000000001,G3,0.505608157741747
2.0,0.8,G1,0.09033500861253779
2.0,0.8,G2,0.9056569573907761
2.0,0.8,G3,0.49793839945415846
2.0,0.9,G1,0.08915806225291374
2.0,0.9,G2,0.8950329584963155
2.0,0.9,G3,0.4914638753134564
2.0,1.0,G1,0.08814801936654341
2.0,1.0,G2,0.8862329926196851
2.0,1.0,G3,0.4859516601158113
2.0,1.1,G1,0.08727425348757742
2.0,1.1,G2,0.8788533901407475
2.0,1.1,G3,0.4812207726932999
2.0,1.2000000000000002,G1,0.08651310417911917
2.0,1.2000000000000002,G2,0.8725962813641531
2.0,1.2000000000000002,G3,0.47713368652238497
2.0,1.3,G1,0.08584499938068596
2.0,1.3,G2,0.8672384622046047
2.0,1.3,G3,0.4735750436378161
2.0,1.4000000000000001,G1,0.08525473453482019
2.0,1.4000000000000001,G2,0.8626102203494974
2.0,1.4000000000000001,G3,0.47046108304178813
2.0,1.5,G1,0.0847336627754759
2.0,1.5,G2,0.8585840734962914
2.0,1.5,G3,0.4677163825851093
2.0,1.6,G1,0.08426497792896182
2.0,1.6,G2,0.8550511630777666
2.0,1.6,G3,0.46528838019089946
2.0,1.7000000000000002,G1,0.08384756102576385
2.0,1.7000000000000002,G2,0.8519340787423759
2.0,1.7000000000000002,G3,0.46312898057736224
2.0,1.8,G1,0.08347163801024496
2.0,1.8,G2,0.8491682602014627
2.0,1.8,G3,0.4612012388054374
2.0,1.9000000000000001,G1,0.08313312650382323
2.0,1.9000000000000001,G2,0.8467015472162353
2.0,1.9000000000000001,G3,0.4594710739743933
2.0,2.0,G1,0.08282600357425296
2.0,2.0,G2,0.8444913818498552
2.0,2.0,G3,0.45791309726985474
2.02,0.0,G1,0.11519494241260063
2.02,0.0,G2,1.218535444844503
2.02,0.0,G3,0.6389221130406032
2.02,0.1,G1,0.1095380894653582
2.02,0.1,G2,1.1327550286057626
2.02,0.1,G3,0.6065912513960543
2.02,0.2,G1,0.1050239376066256
2.02,0.2,G2,1.070194097934417
2.02,0.2,G3,0.5808140942728908
2.02,0.30000000000000004,G1,0.1014058889310552
2.02,0.30000000000000004,G2,1.0241179692961244
2.02,0.30000000000000004,G3,0.5601937572529389
2.02,0.4,G1,0.09848053725566808
2.02,0.4,G2,0.9896356542197283
2.02,0.4,G3,0.5435861878495816
2.02,0.5,G1,0.09609478835534799
2.02,0.5,G2,0.963343923328444
2.02,0.5,G3,0.5300963537697904
2.02,0.6000000000000001,G1,0.09412638538867595
2.02,0.6000000000000001,G2,0.942916229110995
2.02,0.6000000000000001,G3,0.5190268537427727
2.02,0.7000000000000001,G1,0.09248468392481562
2.02,0.7000000000000001,G2,0.9267531507112388
2.02,0.7000000000000001,G3,0.5098587230776401
2.02,0.8,G1,0.09110170864743851
2.02,0.8,G2,0.9137479573986054
2.02,0.8,G3,0.5021912056803778
2.02,0.9,G1,0.08992484010910133
2.02,0.9,G2,0.9031226600497592
2.02,0.9,G3,0.49571722567170196
2.02,1.0,G1,0.088914824797226
2.02,1.0,G2,0.8943214594703968
2.02,1.0,G3,0.49020528062513136
2.02,1.1,G1,0.08804105271503003
2.02,1.1,G2,0.886940724297189
2.02,1.1,G3,0.4854752482134932
2.02,1.2000000000000002,G1,0.08727962494654322
2.02,1.2000000000000002,G2,0.8806825955471428
2.02,1.2000000000000002,G3,0.4813861131280898
2.02,1.3,G1,0.08661197480741221
2.02,1.3,G2,0.8753238664083244
2.02,1.3,G3,0.4778298249523871
2.02,1.4000000000000001,G1,0.08602231527251906
2.02,1.4000000000000001,G2,0.8706948159183344
2.02,1.4000000000000001,G3,0.4747137051274069
2.02,1.5,G1,0.08550052449389389
2.02,1.5,G2,0.86666460500465
2.02,1.5,G3,0.4719710292981345
2.02,1.6,G1,0.08503278451731085
2.02,1.6,G2,0.8631310564406788
2.02,1.6,G3,0.4695423942041139
2.02,1.7000000000000002,G1,0.08461619005154859
2.02,1.7000000000000002,G2,0.8600167497112123
2.02,1.7000000000000002,G3,0.46738282014190835
2.02,1.8,G1,0.08423763040837509
2.02,1.8,G2,0.8572504232382375
2.02,1.8,G3,0.46545369821016636
2.02,1.9000000000000001,G1,0.08389840905921156
2.02,1.9000000000000001,G2,0.8547832549730009
2.02,1.9000000000000001,G3,0.4637231964892412
2.02,2.0,G1,0.08359068769953971
2.02,2.0,G2,0.8525726801029099
2.02,2.0,G3,0.4621660372672658
2.04,0.0,G1,0.11595784856547005
2.04,0.0,G2,1.2266054480456379
2.04,0.0,G3,0.6431531421945191
2.04,0.1,G1,0.11030151801985648
2.04,0.1,G2,1.1408301025741252
2.04,0.1,G3,0.6108246873714112
2.04,0.2,G1,0.10578799317785756
2.04,0.2,G2,1.0782782462853895
2.04,0.2,G3,0.5850523301346738
2.04,0.30000000000000004,G1,0.10217074044493238
2.04,0.30000000000000004,G2,1.0322080250526946
2.04,0.30000000000000004,G3,0.5644362595431437
2.04,0.4,G1,0.09924612271893767
2.04,0.4,G2,0.9977285176711064
2.04,0.4,G3,0.5478326958304838
2.04,0.5,G1,0.09686078290003133
2.04,0.5,G2,0.9714406450952032
2.04,0.5,G3,0.5343449481053215
2.04,0.6000000000000001,G1,0.09489268804699436
2.04,0.6000000000000001,G2,0.9510091023922865
2.04,0.6000000000000001,G3,0.523279681521253
2.04,0.7000000000000001,G1,0.09325118147100589
2.04,0.7000000000000001,G2,0.9348449740459076
2.04,0.7000000000000001,G3,0.5141112466040536
2.04,0.8,G1,0.09186794544250348
2.04,0.8,G2,0.9218385267798647
2.04,0.8,G3,0.5064433755887481
2.04,0.9,G1,0.09069154060909253
2.04,0.9,G2,0.9112119535771667
2.04,0.9,G3,0.4999701774581118
2.04,1.0,G1,0.08968156001312695
2.04,1.0,G2,0.9024095427860198
2.04,1.0,G3,0.4944585338509144
2.04,1.1,G1,0.0888077884430342
2.04,1.1,G2,0.8950276991840792
2.04,1.1,G3,0.4897286206794954
2.04,1.2000000000000002,G1,0.08804633882049179
2.04,1.2000000000000002,G2,0.8887685734209588
2.04,1.2000000000000002,G3,0.4856399746102179
2.04,1.3,G1,0.0873783671776288
2.04,1.3,G2,0.8834089554793977
2.04,1.3,G3,0.48208197574825673
2.04,1.4000000000000001,G1,0.08678921046552047
2.04,1.4000000000000001,G2,0.8787791156034532
2.04,1.4000000000000001,G3,0.47896517472140304
2.04,1.5,G1,0.08626589923932773
2.04,1.5,G2,0.8747482040527392
2.04,1.5,G3,0.4762243161833202
2.04,1.6,G1,0.08579921915475693
2.04,1.6,G2,0.8712140328738277
2.04,1.6,G3,0.47379580593073617
2.04,1.7000000000000002,G1,0.0853798487818324
2.04,1.7000000000000002,G2,0.8680958254938134
2.04,1.7000000000000002,G3,0.4716346925769905
2.04,1.8,G1,0.08500537525481794
2.04,1.8,G2,0.8653290036514041
2.04,1.8,G3,0.46970663981595295
2.04,1.9000000000000001,G1,0.08466681468118441
2.04,1.9000000000000001,G2,0.8628613913792902
2.04,1.9000000000000001,G3,0.46797633336817995
2.04,2.0,G1,0.08435633081478434
2.04,2.0,G2,0.8606537632386146
2.04,2.0,G3,0.4664179221765103
2.06,0.0,G1,0.1167207507613688
2.06,0.0,G2,1.2346751100954365
2.06,0.0,G3,0.6473841609272735
2.06,0.1,G1,0.11106374308706878
2.06,0.1,G2,1.1489041076660704
2.06,0.1,G3,0.6150580766021334
2.06,0.2,G1,0.106551439609318
2.06,0.2,G2,1.0863630367757096
2.06,0.2,G3,0.589290813527787
2.06,0.30000000000000004,G1,0.10293556029003022
2.06,0.30000000000000004,G2,1.0402977622431047
2.06,0.30000000000000004,G3,0.568678008568397
2.06,0.4,G1,0.1000116683980146
2.06,0.4,G2,1.0058209974325474
2.06,0.4,G3,0.5520788212556699
2.06,0.5,G1,0.09762672378307898
2.06,0.5,G2,0.9795319578048303
2.06,0.5,G3,0.5385932568690361
2.06,0.6000000000000001,G1,0.09565893122424662
2.06,0.6000000000000001,G2,0.9591015414163833
2.06,0.6000000000000001,G3,0.5275299220797932
2.06,0.7000000000000001,G1,0.09401761578955675
2.06,0.7000000000000001,G2,0.9429363647009261
2.06,0.7000000000000001,G3,0.5183642088098043
2.06,0.8,G1,0.09263449263605382
2.06,0.8,G2,0.9299286769914945
2.06,0.8,G3,0.5106958642353568
2.06,0.9,G1,0.09145816093405322
2.06,0.9,G2,0.9193008474271059
2.06,0.9,G3,0.5042226135091356
2.06,1.0,G1,0.09044822066588801
2.06,1.0,G2,0.9104972482408605
2.06,1.0,G3,0.4987114009201614
2.06,1.1,G1,0.08957445641297558
2.06,1.1,G2,0.9031143182574172
2.06,1.1,G3,0.4939816346475759
2.06,1.2000000000000002,G1,0.0888129910279023
2.06,1.2000000000000002,G2,0.896854216641347
2.06,1.2000000000000002,G3,0.4898930129828173
2.06,1.3,G1,0.08814498879753715
2.06,1.3,G2,0.8914937296327847
2.06,1.3,G3,0.4863349630676172
2.06,1.4000000000000001,G1,0.08755544081319261
2.06,1.4000000000000001,G2,0.8868631184772523
2.06,1.4000000000000001,G3,0.48321958942548193
2.06,1.5,G1,0.08703272181995204
2.06,1.5,G2,0.8828315227446826
2.06,1.5,G3,0.4804758911664268
2.06,1.6,G1,0.08656594595931798
2.06,1.6,G2,0.8792967438283825
2.06,1.6,G3,0.4780499655115736
2.06,1.7000000000000002,G1,0.08614776669470943
2.06,1.7000000000000002,G2,0.8761779953057585
2.06,1.7000000000000002,G3,0.4758894946456157
2.06,1.8,G1,0.0857715460850771
2.06,1.8,G2,0.8734106901475032
2.06,1.8,G3,0.47395984879431724
2.06,1.9000000000000001,G1,0.08543026061789594
2.06,1.9000000000000001,G2,0.8709426447390263
2.06,1.9000000000000001,G3,0.4722288931270809
2.06,2.0,G1,0.08512372122988245
2.06,2.0,G2,0.8687312809463252
2.06,2.0,G3,0.47067070779391545
2.08,0.0,G1,0.11748364238980576
2.08,0.0,G2,1.2427452805738253
2.08,0.0,G3,0.651615169580709
2.08,0.1,G1,0.11182846805777832
2.08,0.1,G2,1.1569818450278642
2.08,0.1,G3,0.6192914088400651
2.08,0.2,G1,0.10731560859996304
2.08,0.2,G2,1.0944469116543283
2.08,0.2,G3,0.5935260814391002
2.08,0.30000000000000004,G1,0.10370035032129593
2.08,0.30000000000000004,G2,1.0483871905455022
2.08,0.30000000000000004,G3,0.5729197487733863
2.08,0.4,G1,0.10077922538758356
2.08,0.4,G2,1.0139131051706853
2.08,0.4,G3,0.5563241134035127
2.08,0.5,G1,0.09839262442738278
2.08,0.5,G2,0.9876246733857525
2.08,0.5,G3,0.542839581896256
2.08,0.6000000000000001,G1,0.09642511640428221
2.08,0.6000000000000001,G2,0.9671935650159496
2.08,0.6000000000000001,G3,0.5317797498579364
2.08,0.7000000000000001,G1,0.09478398843907426
2.08,0.7000000000000001,G2,0.9510273387828279
2.08,0.7000000000000001,G3,0.5226143861739697
2.08,0.8,G1,0.09340097591871657
2.08,0.8,G2,0.9380184210302469
2.08,0.8,G3,0.5149478603908252
2.08,0.9,G1,0.09222431803765108
2.08,0.9,G2,0.9273893516035105
2.08,0.9,G3,0.5084746615947988
2.08,1.0,G1,0.09121480341838878
2.08,1.0,G2,0.9185845831708163
2.08,1.0,G3,0.502963829698401
2.08,1.1,G1,0.09034105215036155
2.08,1.1,G2,0.9112005865691819
2.08,1.1,G3,0.49823427156687694
2.08,1.2000000000000002,G1,0.08957957727194055
2.08,1.2000000000000002,G2,0.9049395283498999
2.08,1.2000000000000002,G3,0.4941456995104966
2.08,1.3,G1,0.08891155004768762
2.08,1.3,G2,0.8995781904335656
2.08,1.3,G3,0.49058761532753914
2.08,1.4000000000000001,G1,0.08832196721710553
2.08,1.4000000000000001,G2,0.8949468248140964
2.08,1.4000000000000001,G3,0.4874721549470386
2.08,1.5,G1,0.08779875832970058
2.08,1.5,G2,0.8909145603027071
2.08,1.5,G3,0.4847288365664772
2.08,1.6,G1,0.08733212359715016
2.08,1.6,G2,0.887379187670833
2.08,1.6,G3,0.4823006284705458
2.08,1.7000000000000002,G1,0.08691443387125086
2.08,1.7000000000000002,G2,0.8842599107286847
2.08,1.7000000000000002,G3,0.4801406472203021
2.08,1.8,G1,0.08653812966776099
2.08,1.8,G2,0.8814921337840971
2.08,1.8,G3,0.47821031841392825
2.08,1.9000000000000001,G1,0.0861982709985322
2.08,1.9000000000000001,G2,0.8790236656869176
2.08,1.9000000000000001,G3,0.47648197888937394
2.08,2.0,G1,0.085890233223699
2.08,2.0,G2,0.8768119218164013
2.08,2.0,G3,0.4749228858426042
2.1,0.0,G1,0.11824647776854791
2.1,0.0,G2,1.2508150750680744
2.1,0.0,G3,0.6558462758092397
2.1,0.1,G1,0.1125923919816009
2.1,0.1,G2,1.1650565158137727
2.1,0.1,G3,0.6235246752681871
2.1,0.2,G1,0.1080797447969053
2.1,0.2,G2,1.1025292112333318
2.1,0.2,G3,0.5977648881099766
2.1,0.30000000000000004,G1,0.10446511240828298
2.1,0.30000000000000004,G2,1.056476319073134
2.1,0.30000000000000004,G3,0.5771615386705387
2.1,0.4,G1,0.10154458837173315
2.1,0.4,G2,1.0220048523320886
2.1,0.4,G3,0.5605695096256719
2.1,0.5,G1,0.09915851339197343
2.1,0.5,G2,0.9957170045268379
2.1,0.5,G3,0.5470870220451745
2.1,0.6000000000000001,G1,0.09719124504441022
2.1,0.6000000000000001,G2,0.9752867836122674
2.1,0.6000000000000001,G3,0.536029270170659
2.1,0.7000000000000001,G1,0.09555030093772585
2.1,0.7000000000000001,G2,0.9591179134636183
2.1,0.7000000000000001,G3,0.5268655606904756
2.1,0.8,G1,0.09416739685660169
2.1,0.8,G2,0.9461077733109192
2.1,0.8,G3,0.5191969158481847
2.1,0.9,G1,0.09299079583809107
2.1,0.9,G2,0.935477477722141
2.1,0.9,G3,0.5127263294105537
2.1,1.0,G1,0.09198092030972575
2.1,1.0,G2,0.926671556603854
2.1,1.0,G3,0.5072156473244652
2.1,1.1,G1,0.09110757208271451
2.1,1.1,G2,0.919286510865563
2.1,1.1,G3,0.5024865006983166
2.1,1.2000000000000002,G1,0.09034609304854654
2.1,1.2000000000000002,G2,0.9130245133328303
2.1,1.2000000000000002,G3,0.49839801497042224
2.1,1.3,G1,0.08967804650550326
2.1,1.3,G2,0.9076623410092239
2.1,1.3,G3,0.4948399200389491
2.1,1.4000000000000001,G1,0.08908843399185924
2.1,1.4000000000000001,G2,0.9030302363491844
2.1,1.4000000000000001,G3,0.4917243901328706
2.1,1.5,G1,0.08856518887348444
2.1,1.5,G2,0.8989973172982842
2.1,1.5,G3,0.48898096458899754
2.1,1.6,G1,0.08809851430860573
2.1,1.6,G2,0.895461364001481
2.1,1.6,G3,0.4865526259956146
2.1,1.7000000000000002,G1,0.08768038750565003
2.1,1.7000000000000002,G2,0.8923415705523354
2.1,1.7000000000000002,G3,0.48439285159327394
2.1,1.8,G1,0.08730418497042357
2.1,1.8,G2,0.8895733326735896
2.1,1.8,G3,0.4824633827175142
2.1,1.9000000000000001,G1,0.08696480801159139
2.1,1.9000000000000001,G2,0.8871044517682167
2.1,1.9000000000000001,G3,0.48073252326990873
2.1,2.0,G1,0.08665669705686559
2.1,2.0,G2,0.8848923368191411
2.1,2.0,G3,0.4791733478401893
2.12,0.0,G1,0.1190093081694235
2.12,0.0,G2,1.2588847795548894
2.12,0.0,G3,0.6600775517174271
2.12,0.1,G1,0.1133534310029171
2.12,0.1,G2,1.1731313846635087
2.12,0.1,G3,0.6277578693689569
2.12,0.2,G1,0.10884385789735104
2.12,0.2,G2,1.1106139126509922
2.12,0.2,G3,0.6020030855421767
2.12,0.30000000000000004,G1,0.10522984841838036
2.12,0.30000000000000004,G2,1.0645651563196896
2.12,0.30000000000000004,G3,0.5814033862094333
2.12,0.4,G1,0.10230991081438356
2.12,0.4,G2,1.0300962500632682
2.12,0.4,G3,0.5648145819359306
2.12,0.5,G1,0.09992435809673886
2.12,0.5,G2,1.0038089627104434
2.12,0.5,G3,0.5513352663909801
2.12,0.6000000000000001,G1,0.09795731858197436
2.12,0.6000000000000001,G2,0.9833781918090884
2.12,0.6000000000000001,G3,0.5402784954591296
2.12,0.7000000000000001,G1,0.09631655477005845
2.12,0.7000000000000001,G2,0.9672081067381995
2.12,0.7000000000000001,G3,0.5311159412031874
2.12,0.8,G1,0.09493375697137832
2.12,0.8,G2,0.9541967494912414
2.12,0.8,G3,0.5234504320773207
2.12,0.9,G1,0.09375721161061575
2.12,0.9,G2,0.9435652389046771
2.12,0.9,G3,0.5169788533292125
2.12,1.0,G1,0.09274735776979036
2.12,1.0,G2,0.9347581792210171
2.12,1.0,G3,0.5114664174094928
2.12,1.1,G1,0.09187362753167216
2.12,1.1,G2,0.9273720996103062
2.12,1.1,G3,0.5067380983814772
2.12,1.2000000000000002,G1,0.09111253475708982
2.12,1.2000000000000002,G2,0.9211091781010325
2.12,1.2000000000000002,G3,0.5026499114674842
2.12,1.3,G1,0.09044447371730666
2.12,1.3,G2,0.9157461861804029
2.12,1.3,G3,0.4990918566449105
2.12,1.4000000000000001,G1,0.08985483658356001
2.12,1.4000000000000001,G2,0.9111133564542819
2.12,1.4000000000000001,G3,0.49597627935125316
2.12,1.5,G1,0.08933155996928127
2.12,1.5,G2,0.9070797958673585
2.12,1.5,G3,0.49323276417661766
2.12,1.6,G1,0.08886484958626252
2.12,1.6,G2,0.9035432739042724
2.12,1.6,G3,0.4908043080974126
2.12,1.7000000000000002,G1,0.08844668460276726
2.12,1.7000000000000002,G2,0.9004229749651914
2.12,1.7000000000000002,G3,0.48864439827228945
2.12,1.8,G1,0.08807044298964944
2.12,1.8,G2,0.8976542862412633
2.12,1.8,G3,0.486714782753638
2.12,1.9000000000000001,G1,0.08773061569355493
2.12,1.9000000000000001,G2,0.895185001756383
2.12,1.9000000000000001,G3,0.4849837699312021
2.12,2.0,G1,0.08742258662302264
2.12,2.0,G2,0.8929725241697785
2.12,2.0,G3,0.4834249204792332
2.14,0.0,G1,0.11977396011397329
2.14,0.0,G2,1.2669551603736227
2.14,0.0,G3,0.6643088279346973
2.14,0.1,G1,0.11411822498590006
2.14,0.1,G2,1.1812059787693803
2.14,0.1,G3,0.6319909873656624
2.14,0.2,G1,0.10960771471688058
2.14,0.2,G2,1.1186970594662173
2.14,0.2,G3,0.6062404622292021
2.14,0.30000000000000004,G1,0.1059938438998808
2.14,0.30000000000000004,G2,1.0726537101249602
2.14,0.30000000000000004,G3,0.5856453166396268
2.14,0.4,G1,0.10307519473150152
2.14,0.4,G2,1.0381873091166174
2.14,0.4,G3,0.569059006154289
2.14,0.5,G1,0.10069224455099686
2.14,0.5,G2,1.0119005592778094
2.14,0.5,G3,0.555583200662262
2.14,0.6000000000000001,G1,0.09872337381519225
2.14,0.6000000000000001,G2,0.9914692376431536
2.14,0.6000000000000001,G3,0.5445252867914674
2.14,0.7000000000000001,G1,0.09708275139375064
2.14,0.7000000000000001,G2,0.9752995069322475
2.14,0.7000000000000001,G3,0.535366006763942
2.14,0.8,G1,0.0957000577469254
2.14,0.8,G2,0.9622853662500828
2.14,0.8,G3,0.5277013136323405
2.14,0.9,G1,0.0945235668588246
2.14,0.9,G2,0.9516526496171058
2.14,0.9,G3,0.5212287669622883
2.14,1.0,G1,0.09351373415079224
2.14,1.0,G2,0.9428444632543825
2.14,1.0,G3,0.5157196344906997
2.14,1.1,G1,0.09264000303078965
2.14,1.1,G2,0.9354573629392143
2.14,1.1,G3,0.5109895576946578
2.14,1.2000000000000002,G1,0.09187851528060528
2.14,1.2000000000000002,G2,0.9291935308968339
2.14,1.2000000000000002,G3,0.5069012026897753
2.14,1.3,G1,0.09121082822564376
2.14,1.3,G2,0.9238297325151122
2.14,1.3,G3,0.5033433296450774
2.14,1.4000000000000001,G1,0.09062117069310585
2.14,1.4000000000000001,G2,0.9191961902344887
2.14,1.4000000000000001,G3,0.5002278005189293
2.14,1.5,G1,0.09009786702216971
2.14,1.5,G2,0.9151619998450352
2.14,1.5,G3,0.49748421646795454
2.14,1.6,G1,0.08963112509073103
2.14,1.6,G2,0.9116249201151022
2.14,1.6,G3,0.4950556603410938
2.14,1.7000000000000002,G1,0.0892129257588963
2.14,1.7000000000000002,G2,0.9085041257524474
2.14,1.7000000000000002,G3,0.4928956292384816
2.14,1.8,G1,0.08883664829283001
2.14,1.8,G2,0.905734995449495
2.14,1.8,G3,0.4909658782027268
2.14,1.9000000000000001,G1,0.08849678460942213
2.14,1.9000000000000001,G2,0.9032653159004174
2.14,1.9000000000000001,G3,0.4892347205027189
2.14,2.0,G1,0.0881887193262227
2.14,2.0,G2,0.9010524834973603
2.14,2.0,G3,0.4876757202007288
2.16,0.0,G1,0.12053526681342357
2.16,0.0,G2,1.2750239337236229
2.16,0.0,G3,0.6685401044042659
2.16,0.1,G1,0.11488153036750472
2.16,0.1,G2,1.1892808177467686
2.16,0.1,G3,0.6362262640173989
2.16,0.2,G1,0.11037187281749407
2.16,0.2,G2,1.1267799836468093
2.16,0.2,G3,0.6104777472790789
2.16,0.30000000000000004,G1,0.10675868266750681
2.16,0.30000000000000004,G2,1.0807419876613948
2.16,0.30000000000000004,G3,0.5898873562413856
2.16,0.4,G1,0.10384044216093032
2.16,0.4,G2,1.0462780397577798
2.16,0.4,G3,0.5733033845446407
2.16,0.5,G1,0.10145789757413641
2.16,0.5,G2,1.0199918053942822
2.16,0.5,G3,0.5598300941571658
2.16,0.6000000000000001,G1,0.09948939525521637
2.16,0.6000000000000001,G2,0.9995599319206678
2.16,0.6000000000000001,G3,0.5487751796957548
2.16,0.7000000000000001,G1,0.09784889224627563
2.16,0.7000000000000001,G2,0.9833891532611051
2.16,0.7000000000000001,G3,0.539615770268129
2.16,0.8,G1,0.09646630063612421
2.16,0.8,G2,0.9703736410255401
2.16,0.8,G3,0.5319517905166141
2.16,0.9,G1,0.09528986304664269
2.16,0.9,G2,0.9597397254591571
2.16,0.9,G3,0.5254784445600491
2.16,1.0,G1,0.09428005092399325
2.16,1.0,G2,0.9509304223286469
2.16,1.0,G3,0.5199687881401361
2.16,1.1,G1,0.09340631878761006
2.16,1.1,G2,0.943542312552234
2.16,1.1,G3,0.5152415865844495
2.16,1.2000000000000002,G1,0.09264481601691579
2.16,1.2000000000000002,G2,0.9372775816335316
2.16,1.2000000000000002,G3,0.5111520404719299
2.16,1.3,G1,0.09197672625131148
2.16,1.3,G2,0.9319129883119648
2.16,1.3,G3,0.5075948383904411
2.16,1.4000000000000001,G1,0.09138743316610173
2.16,1.4000000000000001,G2,0.9272787445511932
2.16,1.4000000000000001,G3,0.5044787895821057
2.16,1.5,G1,0.09086410602559075
2.16,1.5,G2,0.9232439348243422
2.16,1.5,G3,0.5017352980951828
2.16,1.6,G1,0.09039733635292266
2.16,1.6,G2,0.9197063071126268
2.16,1.6,G3,0.49930666111082517
2.16,1.7000000000000002,G1,0.08997910643006529
2.16,1.7000000000000002,G2,0.9165850264155129
2.16,1.7000000000000002,G3,0.49714652558744654
2.16,1.8,G1,0.08960279662947114
2.16,1.8,G2,0.913815462942784
2.16,1.8,G3,0.49521665352581934
2.16,1.9000000000000001,G1,0.08926289971493939
2.16,1.9000000000000001,G2,0.9113453960926593
2.16,1.9000000000000001,G3,0.4934853632058245
2.16,2.0,G1,0.08895480094066446
2.16,2.0,G2,0.909132216032832
2.16,2.0,G3,0.4919262222949501
2.18,0.0,G1,0.12129663878403367
2.18,0.0,G2,1.2830934573800106
2.18,0.0,G3,0.6727713810631195
2.18,0.1,G1,0.1156448321635051
2.18,0.1,G2,1.1973558020697146
2.18,0.1,G3,0.6404593400273746
2.18,0.2,G1,0.11113501353998279
2.18,0.2,G2,1.134862694441128
2.18,0.2,G3,0.6147149309469875
2.18,0.30000000000000004,G1,0.1075234879742614
2.18,0.30000000000000004,G2,1.0888309067988324
2.18,0.30000000000000004,G3,0.5941261883237244
2.18,0.4,G1,0.10460565514970376
2.18,0.4,G2,1.0543684516846588
2.18,0.4,G3,0.577547783334884
2.18,0.5,G1,0.10222350573195654
2.18,0.5,G2,1.0280827119701517
2.18,0.5,G3,0.5640772265569521
2.18,0.6000000000000001,G1,0.10025537121471668
2.18,0.6000000000000001,G2,1.0076502853377003
2.18,0.6000000000000001,G3,0.5530239740160415
2.18,0.7000000000000001,G1,0.09861500823194584
2.18,0.7000000000000001,G2,0.9914784687295953
2.18,0.7000000000000001,G3,0.543863102291131
2.18,0.8,G1,0.09723248706761878
2.18,0.8,G2,0.9784632105914236
2.18,0.8,G3,0.5362019552197578
2.18,0.9,G1,0.09605610160498938
2.18,0.9,G2,0.967826482911405
2.18,0.9,G3,0.5297315612615338
2.18,1.0,G1,0.09504630952072866
2.18,1.0,G2,0.9590160712530577
2.18,1.0,G3,0.5242219276723502
2.18,1.1,G1,0.09417257623220764
2.18,1.1,G2,0.951626961549772
2.18,1.1,G3,0.5194902660565366
2.18,1.2000000000000002,G1,0.09341105857269133
2.18,1.2000000000000002,G2,0.9453613417741416
2.18,1.2000000000000002,G3,0.5154041247459712
2.18,1.3,G1,0.09274294523913043
2.18,1.3,G2,0.9399959635185895
2.18,1.3,G3,0.5118467601551939
2.18,1.4000000000000001,G1,0.09215324562714236
2.18,1.4000000000000001,G2,0.9353610279770119
2.18,1.4000000000000001,G3,0.5087295028238258
2.18,1.5,G1,0.09163027428390307
2.18,1.5,G2,0.9313256081444443
2.18,1.5,G3,0.5059857660490596
2.18,1.6,G1,0.09116347982091524
2.18,1.6,G2,0.9277874411366595
2.18,1.6,G3,0.5035571783859359
2.18,1.7000000000000002,G1,0.09074522248329202
2.18,1.7000000000000002,G2,0.9246656822175688
2.18,1.7000000000000002,G3,0.5013970638638547
2.18,1.8,G1,0.09036888355724387
2.18,1.8,G2,0.9218956931177712
2.18,1.8,G3,0.49946708657086547
2.18,1.9000000000000001,G1,0.0900289565158526
2.18,1.9000000000000001,G2,0.9194252459607986
2.18,1.9000000000000001,G3,0.4977356777616797
2.18,2.0,G1,0.0897208271567587
2.18,2.0,G2,0.9172117247207866
2.18,2.0,G3,0.4961764087552191
